0.0020913835422448593,334,"[13, 3, 15]"
0.0021212591314578822,335,"[12, 8, 18]"
0.0021347818389820298,336,"[18, 8, 14]"
0.002139160780061904,337,"[21, 4, 18]"
0.0021560867801717824,338,"[11, 4, 3]"
0.00216273136100261,339,"[19, 3, 18]"
0.002171599388982362,340,"[5, 3, 15]"
0.00221944453289112,341,"[13, 8, 9]"
0.002221451511802873,342,"[9, 7, 18]"
0.0022347460608272886,343,"[15, 8, 5]"
0.002241711448917075,344,"[14, 11, 0]"
0.002279001287061392,345,"[10, 4, 15]"
0.002279001287061392,346,"[19, 8, 18]"
0.0022833397633847436,347,"[10, 4, 15]"
0.0022858960892560326,348,"[2, 8, 8]"
0.0022934867247118807,349,"[19, 4, 11]"
0.002305597672410164,350,"[20, 7, 16]"
0.0023154303043593396,351,"[19, 8, 17]"
0.0023412361780564203,352,"[3, 11, 0]"
0.002341575165535622,353,"[20, 3, 18]"
0.002353257066386937,354,"[17, 4, 9]"
0.0023550469888425104,355,"[22, 3, 18]"
0.002372853178495465,356,"[2, 3, 17]"
0.0023965601200029714,357,"[10, 8, 16]"
0.0023967105375460665,358,"[19, 4, 18]"
0.002399446078457919,359,"[10, 3, 16]"
0.002404448016533504,360,"[22, 8, 18]"
0.002407706974503572,361,"[19, 4, 15]"
0.0024402008096520585,362,"[21, 8, 15]"
0.002447992855400433,363,"[15, 7, 3]"
0.0024552480432928677,364,"[2, 7, 18]"
0.002455479176192453,365,"[21, 3, 3]"
0.002470705496624411,366,"[20, 7, 2]"
0.002475071145362179,367,"[21, 4, 2]"
0.002519117881963582,368,"[13, 7, 15]"
0.0025473960652616693,369,"[15, 7, 1]"
0.0025481435800498407,370,"[9, 3, 5]"
0.0026033222530755435,371,"[15, 8, 16]"
0.0026099590966927075,372,"[13, 7, 14]"
0.0026385498955017414,373,"[1, 4, 15]"
0.0026507204680470326,374,"[17, 3, 18]"
0.0026981526698822986,375,"[10, 7, 16]"
0.002709529448192184,376,"[18, 7, 11]"
0.0027113409928204582,377,"[21, 5, 6]"
0.0027232023875504697,378,"[15, 7, 18]"
0.0027232023875504697,379,"[19, 4, 9]"
0.002732505413735002,380,"[16, 13, 0]"
0.0027507591943031024,381,"[12, 4, 8]"
0.002801630575275004,382,"[19, 8, 5]"
0.0028095789824122315,383,"[21, 13, 0]"
0.002814581361532955,384,"[12, 14, 0]"
0.0028198103025427173,385,"[12, 3, 3]"
0.0028246912541894393,386,"[19, 3, 11]"
0.00287035475523617,387,"[20, 3, 17]"
0.0028892575503814554,388,"[13, 4, 13]"
0.0029277746581562614,389,"[12, 11, 0]"
0.0029381759015675115,390,"[20, 3, 18]"
0.0029669971644987925,391,"[22, 4, 9]"
0.0029859921882739748,392,"[11, 8, 15]"
0.002998449391136087,393,"[3, 3, 15]"
0.0030349157510055056,394,"[15, 4, 19]"
0.003045957693399494,395,"[17, 3, 4]"
0.003045957693399494,396,"[22, 7, 18]"
0.0030555297764375765,397,"[13, 5, 15]"
0.0030992881376647355,398,"[13, 4, 15]"
0.0031032231136223507,399,"[7, 3, 1]"
0.0031071680594897295,400,"[4, 3, 18]"
0.0031160866300619094,401,"[21, 5, 2]"
0.003150457988804174,402,"[4, 8, 18]"
0.003185292571260442,403,"[15, 12, 0]"
0.003200115948066941,404,"[18, 3, 19]"
0.0032365780097620227,405,"[17, 8, 3]"
0.0032624095552537657,406,"[13, 7, 15]"
0.003279852000822488,407,"[15, 4, 18]"
0.0033013102370531176,408,"[18, 5, 4]"
0.00332286033671869,409,"[16, 8, 11]"
0.0033255685393645497,410,"[10, 8, 10]"
0.0034054661471885936,411,"[3, 3, 8]"
0.003423366360182603,412,"[21, 8, 19]"
0.003435950103697372,413,"[12, 3, 4]"
0.0035082597753899533,414,"[13, 4, 5]"
0.0035332756980275925,415,"[15, 7, 18]"
0.0035423067403214468,416,"[9, 5, 1]"
0.0035483110587732677,417,"[18, 3, 15]"
0.003565296673159046,418,"[17, 3, 3]"
0.0036264880749928194,419,"[20, 8, 8]"
0.0036267328045571645,420,"[2, 3, 17]"
0.00370190179266988,421,"[14, 3, 9]"
0.0037333231601111056,422,"[19, 7, 12]"
0.0038909060121174624,423,"[12, 7, 8]"
0.003914532928898022,424,"[17, 4, 10]"
0.0039518631868108705,425,"[17, 11, 0]"
0.003961434410057234,426,"[13, 3, 3]"
0.004115963710864017,427,"[17, 8, 8]"
0.004131096476953726,428,"[6, 3, 18]"
0.004152951764317252,429,"[16, 7, 5]"
0.004195926760118474,430,"[6, 3, 11]"
0.004199216404119322,431,"[12, 8, 8]"
0.004236596448608034,432,"[10, 7, 18]"
0.004245305867520082,433,"[18, 8, 11]"
0.004249818909441081,434,"[21, 13, 0]"
0.004352442297534809,435,"[20, 8, 11]"
0.004395089160930779,436,"[15, 7, 18]"
0.004413613378909693,437,"[21, 8, 19]"
0.004490853480850799,438,"[15, 4, 18]"
0.004496076841739106,439,"[14, 3, 18]"
0.0045034790701782,440,"[15, 11, 0]"
0.0045034790701782,441,"[15, 3, 18]"
0.00452110152493267,442,"[19, 4, 6]"
0.004555578667411177,443,"[18, 3, 19]"
0.004561453299635214,444,"[12, 3, 17]"
0.0045734973346842405,445,"[15, 3, 4]"
0.004581312997103681,446,"[10, 3, 3]"
0.004602654225020025,447,"[2, 3, 3]"
0.004609388195324748,448,"[16, 7, 16]"
0.0046482432506055145,449,"[19, 8, 3]"
0.004667023406953791,450,"[5, 4, 15]"
0.004676601063047142,451,"[15, 3, 3]"
0.004688913942996292,452,"[18, 5, 6]"
0.0047200892188386185,453,"[15, 11, 0]"
0.00472548026556587,454,"[13, 7, 8]"
0.004727327548292726,455,"[19, 7, 14]"
0.004765190645195279,456,"[16, 3, 19]"
0.004769550203639121,457,"[16, 12, 0]"
0.0047862064238435725,458,"[15, 5, 19]"
0.004872409590419509,459,"[10, 3, 18]"
0.004934602620492998,460,"[19, 4, 13]"
0.005057735142300474,461,"[15, 3, 3]"
0.005080522524116359,462,"[18, 7, 18]"
0.005092687808818752,463,"[17, 3, 4]"
0.0051112807068439715,464,"[15, 3, 19]"
0.005165377593224691,465,"[19, 8, 13]"
0.00538865160888686,466,"[16, 7, 8]"
0.005458059577471702,467,"[19, 7, 3]"
0.0055686163691192215,468,"[13, 8, 7]"
0.0055819545890119105,469,"[11, 3, 12]"
0.00576534746924786,470,"[15, 3, 19]"
0.005782670542959565,471,"[9, 3, 15]"
0.005862796336858835,472,"[12, 8, 19]"
0.005891011569252204,473,"[21, 3, 18]"
0.005946564604353508,474,"[17, 3, 9]"
0.006035615052764935,475,"[7, 7, 18]"
0.006042851451795043,476,"[15, 4, 12]"
0.006125502514285144,477,"[8, 5, 4]"
0.006149698627738249,478,"[13, 3, 15]"
0.006166071343417419,479,"[18, 3, 15]"
0.006265527072412505,480,"[22, 13, 0]"
0.006372613739774156,481,"[17, 4, 15]"
0.006372613739774156,482,"[16, 8, 5]"
0.0063838626314417874,483,"[16, 15, 0]"
0.006391032864971259,484,"[20, 3, 18]"
0.006536151635269995,485,"[20, 5, 17]"
0.006568318113795086,486,"[12, 3, 17]"
0.006589915990991593,487,"[20, 3, 18]"
0.006627579548416761,488,"[21, 3, 19]"
0.006688488248865004,489,"[18, 4, 15]"
0.006718274630121082,490,"[15, 7, 3]"
0.0067278802488436925,491,"[16, 3, 19]"
0.006755177711731321,492,"[14, 11, 0]"
0.006818090628947121,493,"[15, 3, 6]"
0.006857349523197,494,"[12, 4, 15]"
0.006860961715359774,495,"[8, 3, 16]"
0.00686939874202723,496,"[17, 7, 18]"
0.006942198320135891,497,"[17, 4, 16]"
0.006997329463641878,498,"[21, 4, 16]"
0.007073353878209104,499,"[22, 12, 0]"
0.0070799143031905366,500,"[20, 4, 11]"
0.0070999531646622396,501,"[17, 3, 15]"
0.007155853632731052,502,"[16, 3, 16]"
0.007174130047340838,503,"[19, 3, 16]"
0.007175211451470252,504,"[3, 4, 8]"
0.0072325605391646425,505,"[15, 3, 5]"
0.007278339157399446,506,"[5, 7, 10]"
0.007289151539299389,507,"[20, 3, 2]"
0.007289829811681264,508,"[8, 8, 8]"
0.007297394745771476,509,"[20, 8, 13]"
0.007305024675830842,510,"[12, 5, 18]"
0.007359030829069587,511,"[12, 3, 17]"
0.007360849537534114,512,"[13, 7, 10]"
0.007447939781233552,513,"[13, 4, 16]"
0.00744864991379365,514,"[21, 3, 16]"
0.007455555249465378,515,"[17, 4, 15]"
0.0074557022635507834,516,"[16, 4, 15]"
0.007696041246875394,517,"[2, 4, 18]"
0.0077548612709780465,518,"[12, 5, 9]"
0.00785504521554766,519,"[20, 4, 15]"
0.007912650425369842,520,"[17, 8, 4]"
0.007945033399619559,521,"[21, 7, 15]"
0.008025336280071594,522,"[22, 4, 19]"
0.008039512880962354,523,"[2, 7, 14]"
0.008102035674187016,524,"[17, 3, 17]"
0.00829772746999382,525,"[18, 3, 18]"
0.008467308791890718,526,"[16, 7, 17]"
0.008487007659241479,527,"[10, 5, 17]"
0.008532498731762483,528,"[19, 3, 18]"
0.008561247011890202,529,"[13, 8, 13]"
0.008576648569386279,530,"[14, 4, 5]"
0.008643850679638824,531,"[17, 3, 18]"
0.008724630128521009,532,"[17, 7, 4]"
0.008841890197858237,533,"[1, 14, 0]"
0.00888003459536011,534,"[11, 4, 9]"
0.008986172592376884,535,"[20, 3, 19]"
0.009125805943341406,536,"[2, 4, 15]"
0.009144053192662597,537,"[20, 8, 8]"
0.0091469739129164,538,"[19, 14, 0]"
0.00916767800502244,539,"[16, 7, 4]"
0.009173985286623875,540,"[22, 4, 15]"
0.009277740134570915,541,"[15, 4, 15]"
0.009295417407773291,542,"[17, 8, 15]"
0.009299655989309442,543,"[4, 7, 17]"
0.009360795923225064,544,"[17, 7, 9]"
0.009469590715875336,545,"[13, 3, 13]"
0.009509425784124356,546,"[10, 3, 7]"
0.009550681237721821,547,"[20, 8, 1]"
0.009698840284490928,548,"[15, 7, 15]"
0.009761844005190005,549,"[14, 12, 0]"
0.009764408534853733,550,"[11, 7, 5]"
0.009853898062808912,551,"[13, 4, 15]"
0.009870503004496147,552,"[12, 3, 3]"
0.009943990090340953,553,"[21, 3, 4]"
0.00994565425444783,554,"[12, 7, 13]"
0.010066014887545329,555,"[17, 3, 3]"
0.010238764876135963,556,"[16, 4, 16]"
0.010263343544297397,557,"[15, 3, 18]"
0.010326794123021213,558,"[22, 7, 8]"
0.010326794123021213,559,"[17, 3, 3]"
0.010449760577069594,560,"[20, 12, 0]"
0.01063413668206591,561,"[12, 8, 10]"
0.010695003410909051,562,"[14, 3, 4]"
0.010764037833624127,563,"[3, 3, 9]"
0.010774836271356343,564,"[14, 11, 0]"
0.010774883753468915,565,"[18, 3, 16]"
0.010784841549204909,566,"[16, 8, 6]"
0.010792275712254324,567,"[14, 3, 19]"
0.010930941258834877,568,"[13, 4, 18]"
0.010940186492367275,569,"[19, 4, 2]"
0.010951498214826523,570,"[2, 8, 5]"
0.011056056837142999,571,"[16, 4, 19]"
0.011087302243410169,572,"[1, 3, 3]"
0.011115623523161505,573,"[16, 8, 8]"
0.01114965732310103,574,"[17, 3, 19]"
0.011171819723832035,575,"[20, 5, 5]"
0.011191591049021662,576,"[17, 3, 16]"
0.01123262997787802,577,"[15, 7, 15]"
0.011353675593801984,578,"[17, 3, 4]"
0.011355795296439103,579,"[20, 3, 18]"
0.011372732230897614,580,"[11, 8, 2]"
0.011389535997228622,581,"[9, 5, 2]"
0.01146924556330065,582,"[16, 3, 19]"
0.011477648304475964,583,"[22, 3, 18]"
0.011484919144945094,584,"[20, 3, 18]"
0.011526123627356331,585,"[4, 3, 18]"
0.011576100775296564,586,"[10, 5, 10]"
0.011674091596853235,587,"[6, 8, 18]"
0.011674091596853235,588,"[13, 8, 18]"
0.011688189695247021,589,"[19, 4, 15]"
0.011707660777149803,590,"[22, 3, 12]"
0.01176709746508615,591,"[18, 12, 0]"
0.01177491083733903,592,"[19, 3, 18]"
0.011824272302083648,593,"[16, 7, 16]"
0.011850064257173245,594,"[17, 8, 13]"
0.01189757987212168,595,"[3, 4, 11]"
0.011897959410843383,596,"[1, 3, 8]"
0.011909520106537102,597,"[16, 14, 0]"
0.01191246844755968,598,"[17, 4, 19]"
0.011987109931768047,599,"[19, 7, 19]"
0.012280032453676008,600,"[13, 15, 0]"
0.012299331177686014,601,"[19, 3, 3]"
0.012319126477701326,602,"[19, 15, 0]"
0.01233979082493388,603,"[22, 3, 3]"
0.012356016237855056,604,"[17, 15, 0]"
0.012361283927717084,605,"[15, 7, 15]"
0.012371203096708746,606,"[11, 7, 14]"
0.01238029516399746,607,"[17, 4, 16]"
0.012419037183934107,608,"[15, 3, 3]"
0.012426520670886124,609,"[20, 3, 16]"
0.012523411882653943,610,"[16, 4, 11]"
0.012567640707469501,611,"[17, 14, 0]"
0.012577508992041127,612,"[16, 5, 6]"
0.012593135380006703,613,"[11, 4, 15]"
0.012606371908832794,614,"[12, 11, 0]"
0.012645101259411122,615,"[22, 14, 0]"
0.012692480234729913,616,"[20, 12, 0]"
0.012782588055645815,617,"[18, 4, 18]"
0.012878238700382013,618,"[12, 3, 16]"
0.012898665919857952,619,"[19, 7, 1]"
0.012940092634054955,620,"[1, 4, 8]"
0.012960080538849443,621,"[19, 4, 18]"
0.012996337453285193,622,"[18, 5, 2]"
0.013025106357636014,623,"[11, 3, 17]"
0.013048767443839987,624,"[7, 14, 0]"
0.01307653394315837,625,"[15, 3, 17]"
0.01309499067255783,626,"[14, 8, 18]"
0.013107928948967784,627,"[22, 8, 19]"
0.013309332980986929,628,"[22, 3, 17]"
0.013362250264894033,629,"[21, 4, 18]"
0.013403866293371558,630,"[12, 4, 16]"
0.013424401552430021,631,"[16, 3, 17]"
0.013543008688705036,632,"[11, 3, 19]"
0.013644824648723946,633,"[3, 4, 15]"
0.01365436013021081,634,"[13, 7, 18]"
0.01365436013021081,635,"[3, 7, 6]"
0.01365436013021081,636,"[7, 13, 0]"
0.01386100449292684,637,"[15, 7, 13]"
0.013897296090552297,638,"[19, 4, 14]"
0.014092757511248796,639,"[17, 8, 8]"
0.014115705207035936,640,"[20, 3, 17]"
0.014332833225275881,641,"[14, 7, 7]"
0.014379772228042452,642,"[18, 8, 18]"
0.014457460813085401,643,"[15, 3, 17]"
0.01447597549734599,644,"[3, 3, 15]"
0.01460914652414322,645,"[17, 3, 18]"
0.014766568903454324,646,"[17, 4, 16]"
0.014840982525486983,647,"[16, 3, 4]"
0.014889637275570007,648,"[12, 8, 16]"
0.014990201446063242,649,"[19, 8, 18]"
0.015046098103685212,650,"[15, 7, 11]"
0.015118735882904452,651,"[7, 5, 5]"
0.015224359814232803,652,"[13, 3, 18]"
0.01526144680112241,653,"[19, 5, 17]"
0.015345821833854311,654,"[12, 3, 18]"
0.01541605908029616,655,"[13, 8, 18]"
0.015441757033781513,656,"[18, 7, 18]"
0.01545059465305893,657,"[3, 3, 18]"
0.015517181881939438,658,"[16, 4, 15]"
0.015550128225527428,659,"[22, 8, 15]"
0.015714279463723894,660,"[20, 3, 4]"
0.01592559262511803,661,"[18, 8, 18]"
0.016104552229033363,662,"[15, 7, 18]"
0.016318908755842333,663,"[16, 3, 3]"
0.016323132053048247,664,"[10, 3, 3]"
0.016496521414717934,665,"[22, 14, 0]"
0.01650044025917862,666,"[16, 7, 18]"
0.01682974425670973,667,"[1, 3, 11]"
0.016884563180854233,668,"[21, 3, 16]"
0.01698318252260628,669,"[12, 11, 0]"
0.016992511115493138,670,"[17, 7, 8]"
0.017088134713787784,671,"[19, 4, 15]"
0.01720836902683238,672,"[17, 4, 15]"
0.017359139299181384,673,"[18, 4, 19]"
0.017386183565833116,674,"[12, 8, 19]"
0.017463498512129152,675,"[2, 4, 8]"
0.01756264704887371,676,"[12, 4, 14]"
0.017616721503883555,677,"[17, 8, 8]"
0.01764583262820556,678,"[21, 7, 18]"
0.017817243417943763,679,"[19, 3, 18]"
0.01791246486022944,680,"[19, 5, 4]"
0.01791246486022944,681,"[10, 3, 16]"
0.017994979341581542,682,"[16, 8, 11]"
0.018392052991985135,683,"[13, 4, 16]"
0.018540158464499974,684,"[3, 7, 11]"
0.018540158464499974,685,"[3, 3, 18]"
0.01868341433753262,686,"[12, 3, 19]"
0.018885986688161473,687,"[10, 4, 15]"
0.01895491281632035,688,"[18, 4, 14]"
0.018982730385120716,689,"[21, 5, 6]"
0.01907944062434426,690,"[21, 3, 17]"
0.019173814389456017,691,"[3, 3, 19]"
0.019213088800097086,692,"[19, 7, 16]"
0.01925316040396715,693,"[17, 3, 15]"
0.019309238534871084,694,"[21, 3, 8]"
0.019311998255099515,695,"[15, 7, 13]"
0.01934921042257336,696,"[1, 3, 18]"
0.019399674559588454,697,"[12, 7, 18]"
0.019417481530917907,698,"[12, 15, 0]"
0.019578468617755154,699,"[12, 3, 18]"
0.01959830240543116,700,"[12, 3, 15]"
0.019655068085323035,701,"[12, 11, 0]"
0.019678442178099064,702,"[17, 11, 0]"
0.019692318636680944,703,"[19, 14, 0]"
0.019786190493773732,704,"[13, 13, 0]"
0.02046591095209827,705,"[6, 12, 0]"
0.02054986382619386,706,"[20, 3, 8]"
0.020929738269101716,707,"[1, 8, 18]"
0.020973675972584205,708,"[17, 3, 18]"
0.02117817573170951,709,"[20, 3, 8]"
0.02118612229958462,710,"[18, 3, 9]"
0.021415576387893508,711,"[15, 3, 18]"
0.021889268624032638,712,"[17, 5, 19]"
0.022462509757477236,713,"[21, 4, 15]"
0.02246961448784101,714,"[19, 3, 16]"
0.022529353459836476,715,"[15, 3, 8]"
0.022634922019454502,716,"[12, 3, 7]"
0.023227156995567527,717,"[12, 4, 17]"
0.023478621510962007,718,"[13, 4, 19]"
0.02357978485082102,719,"[18, 8, 16]"
0.023601918455630134,720,"[3, 4, 3]"
0.023636389298980622,721,"[6, 3, 3]"
0.024172599787175578,722,"[18, 7, 15]"
0.02425341137535685,723,"[14, 4, 19]"
0.024791491075216845,724,"[15, 4, 8]"
0.02502306825099316,725,"[13, 8, 11]"
0.025874966540734578,726,"[15, 4, 8]"
0.025896480624726843,727,"[11, 12, 0]"
0.026122361034559397,728,"[17, 5, 7]"
0.027146718087326473,729,"[20, 4, 18]"
0.0272005831750046,730,"[20, 3, 17]"
0.02735648594794974,731,"[10, 13, 0]"
0.02753125902913048,732,"[16, 3, 4]"
0.028513421359879727,733,"[20, 8, 18]"
0.028514475019560705,734,"[10, 13, 0]"
0.02853791878850068,735,"[20, 7, 18]"
0.028611000892690308,736,"[16, 4, 12]"
0.028619230684088566,737,"[3, 3, 14]"
0.02878418692325434,738,"[18, 7, 16]"
0.029006510508259697,739,"[20, 7, 18]"
0.02907294172511562,740,"[20, 8, 18]"
0.029388537062135112,741,"[18, 7, 16]"
0.029467565606703328,742,"[11, 15, 0]"
0.030268690759552488,743,"[18, 4, 16]"
0.03031585394199501,744,"[13, 8, 18]"
0.030319302947544795,745,"[13, 4, 11]"
0.03087947523427024,746,"[20, 7, 18]"
0.03163658805611655,747,"[18, 7, 16]"
0.03164077428833581,748,"[18, 3, 15]"
0.03182597851045941,749,"[19, 3, 17]"
0.031939105058800266,750,"[14, 3, 11]"
0.032089260868467216,751,"[12, 3, 17]"
0.03251531641086429,752,"[16, 8, 12]"
0.033236139355707434,753,"[20, 4, 18]"
0.033723804555458765,754,"[22, 4, 15]"
0.034101685608110666,755,"[16, 8, 14]"
0.03476329803060284,756,"[16, 7, 14]"
0.03483216202213314,757,"[17, 5, 1]"
0.03498456931297507,758,"[16, 4, 13]"
0.03517819915898483,759,"[10, 15, 0]"
0.03547404219661,760,"[14, 8, 19]"
0.035683122623747315,761,"[16, 8, 14]"
0.03731877644835644,762,"[22, 4, 15]"
0.0374575692465672,763,"[20, 3, 17]"
0.03835574376829071,764,"[19, 3, 18]"
0.038829702524831824,765,"[17, 5, 13]"
0.039633980223630676,766,"[16, 4, 13]"
0.04094046660539368,767,"[20, 4, 18]"
0.0412376870814405,768,"[3, 3, 10]"
0.04151177867604581,769,"[16, 3, 14]"
0.04152359475140697,770,"[21, 3, 15]"
0.04152747681817654,771,"[3, 8, 9]"
0.04217299650008005,772,"[18, 4, 15]"
0.042206053464821106,773,"[20, 4, 18]"
0.04358792860587639,774,"[16, 8, 14]"
0.04437145495936242,775,"[18, 4, 16]"
0.04472642055959782,776,"[15, 8, 8]"
0.045418243031611676,777,"[16, 7, 14]"
0.04567478885091517,778,"[10, 13, 0]"
0.04570056785486243,779,"[18, 7, 16]"
0.04678390987935599,780,"[4, 3, 3]"
0.04724112305223402,781,"[20, 4, 18]"
0.04792134810860307,782,"[22, 4, 15]"
0.04799000919520221,783,"[18, 4, 16]"
0.048853927906648255,784,"[10, 11, 0]"
0.049756731742869334,785,"[14, 3, 15]"
0.050896699084371284,786,"[20, 3, 18]"
0.050949152518406156,787,"[11, 11, 0]"
0.05101684679025833,788,"[10, 15, 0]"
0.05317932664002796,789,"[11, 14, 0]"
0.05331110157957992,790,"[14, 7, 11]"
0.05355562610190728,791,"[18, 7, 15]"
0.053815518863424255,792,"[15, 7, 8]"
0.05426015959638516,793,"[3, 7, 10]"
0.05653740848092588,794,"[15, 4, 8]"
0.05709493104527815,795,"[18, 3, 15]"
0.05717583245373998,796,"[18, 3, 15]"
0.0575179787810106,797,"[18, 4, 15]"
0.05876271180328083,798,"[20, 8, 18]"
0.05883222519129564,799,"[18, 3, 16]"
0.0593976068263976,800,"[15, 3, 18]"
0.05985202721698535,801,"[18, 8, 15]"
0.06080183989787022,802,"[11, 13, 0]"
0.061339782455467215,803,"[20, 8, 18]"
0.06441875312450628,804,"[16, 3, 12]"
0.06534990605126535,805,"[20, 3, 16]"
0.06654764220221394,806,"[20, 3, 18]"
0.06750280924495596,807,"[19, 3, 19]"
0.06888035274766884,808,"[18, 7, 16]"
0.06956727788273546,809,"[2, 3, 12]"
0.07022221956466233,810,"[3, 4, 11]"
0.07263635515548571,811,"[17, 5, 19]"
0.07350827926297536,812,"[16, 4, 13]"
0.0743521196085293,813,"[20, 4, 18]"
0.07443327988495387,814,"[20, 3, 18]"
0.07470963173699056,815,"[20, 4, 18]"
0.07511457239944812,816,"[17, 5, 19]"
0.07544837973762246,817,"[10, 14, 0]"
0.07548287851421479,818,"[20, 3, 18]"
0.07639276938395909,819,"[10, 14, 0]"
0.07690998289046323,820,"[11, 14, 0]"
0.07947272926170841,821,"[16, 8, 14]"
0.08030184685737532,822,"[15, 4, 8]"
0.08047314608735896,823,"[12, 3, 6]"
0.08099854443438517,824,"[10, 14, 0]"
0.08100759897011522,825,"[18, 8, 15]"
0.08262077815784559,826,"[11, 12, 0]"
0.08365849389427017,827,"[8, 3, 3]"
0.084458806084923,828,"[13, 4, 19]"
0.08543938454405284,829,"[2, 4, 9]"
0.0855090563460627,830,"[20, 4, 18]"
0.08724788441374456,831,"[16, 8, 14]"
0.08777689860683878,832,"[21, 4, 15]"
0.0879685716046806,833,"[18, 4, 15]"
0.08951619928827781,834,"[18, 8, 15]"
0.0898112396138573,835,"[13, 4, 18]"
0.09020521375967125,836,"[20, 3, 18]"
0.09060417314428675,837,"[13, 8, 19]"
0.09169216239704553,838,"[11, 13, 0]"
0.09194535760903236,839,"[10, 13, 0]"
0.09258330321158258,840,"[16, 4, 12]"
0.09336511707572169,841,"[13, 7, 11]"
0.09765819361063754,842,"[11, 11, 0]"
0.09874987401009047,843,"[11, 14, 0]"
0.09913369637047961,844,"[15, 8, 8]"
0.09936508279001566,845,"[14, 8, 19]"
0.10507895342887914,846,"[19, 3, 18]"
0.10570906611070827,847,"[14, 7, 19]"
0.10574922659201871,848,"[8, 3, 4]"
0.10706150563246188,849,"[19, 3, 19]"
0.10762724642499132,850,"[19, 3, 18]"
0.10771072152629642,851,"[11, 13, 0]"
0.10779538455784235,852,"[21, 4, 15]"
0.10791172086428631,853,"[4, 3, 4]"
0.110150870586729,854,"[12, 8, 17]"
0.11221993719169665,855,"[13, 8, 19]"
0.11300926973576378,856,"[15, 4, 8]"
0.11536751196090879,857,"[22, 3, 15]"
0.1170952125423948,858,"[6, 3, 3]"
0.11735211055361226,859,"[19, 3, 16]"
0.11832430220548522,860,"[15, 7, 8]"
0.12061642483330351,861,"[11, 12, 0]"
0.12231681564127618,862,"[16, 3, 4]"
0.12252443766077942,863,"[18, 7, 15]"
0.122635675101742,864,"[12, 4, 5]"
0.1244399767179052,865,"[22, 3, 15]"
0.12537251807899344,866,"[19, 3, 16]"
0.12587268695310083,867,"[12, 4, 17]"
0.12639812859937144,868,"[12, 7, 7]"
0.1270698663243928,869,"[13, 8, 11]"
0.127198045159724,870,"[16, 4, 13]"
0.12721968287297625,871,"[12, 7, 17]"
0.1278568246694685,872,"[13, 4, 19]"
0.13488501984830484,873,"[20, 8, 18]"
0.13528938584916364,874,"[19, 3, 19]"
0.1352947090265138,875,"[16, 7, 13]"
0.13629354905962196,876,"[13, 8, 18]"
0.13677280330593855,877,"[10, 15, 0]"
0.1369668402099463,878,"[17, 5, 18]"
0.13812974013821613,879,"[16, 7, 14]"
0.14368593147487316,880,"[20, 4, 18]"
0.14574744036450551,881,"[14, 4, 19]"
0.14704382732696283,882,"[13, 3, 15]"
0.14963994201564593,883,"[9, 3, 3]"
0.15134390769724632,884,"[17, 5, 19]"
0.15163352544921643,885,"[12, 8, 1]"
0.15407240783598175,886,"[21, 4, 15]"
0.15434802636600176,887,"[20, 3, 16]"
0.15630732231719002,888,"[7, 3, 4]"
0.15836243291985416,889,"[20, 4, 18]"
0.16026923512699945,890,"[2, 3, 9]"
0.16497748124838174,891,"[10, 11, 0]"
0.16728642019254067,892,"[4, 3, 3]"
0.16960871562126165,893,"[10, 13, 0]"
0.1721065693571198,894,"[7, 3, 3]"
0.1727033265286561,895,"[16, 4, 14]"
0.17504729952495374,896,"[14, 7, 18]"
0.17841269318048342,897,"[13, 8, 11]"
0.18115337567870038,898,"[15, 8, 8]"
0.18241579214967787,899,"[2, 7, 10]"
0.18288340893634542,900,"[16, 3, 8]"
0.18400834748315467,901,"[15, 4, 8]"
0.1860019068631477,902,"[13, 7, 11]"
0.18603961119972992,903,"[18, 8, 16]"
0.1865744201000788,904,"[13, 8, 18]"
0.1868024998842001,905,"[21, 3, 18]"
0.18770417873756498,906,"[21, 4, 15]"
0.18947617575468448,907,"[15, 3, 8]"
0.18981548550884542,908,"[12, 3, 7]"
0.1915283712977614,909,"[22, 3, 18]"
0.1918721703944968,910,"[22, 4, 15]"
0.19281845206605894,911,"[20, 3, 17]"
0.19325474136248558,912,"[10, 13, 0]"
0.19367935698640332,913,"[15, 8, 8]"
0.19381310173456057,914,"[19, 3, 17]"
0.19764605167133334,915,"[15, 3, 18]"
0.19772338118599037,916,"[14, 3, 17]"
0.1978516981968698,917,"[20, 4, 18]"
0.19851303367605747,918,"[1, 3, 19]"
0.19852883951652686,919,"[15, 3, 8]"
0.19972730494311175,920,"[12, 7, 2]"
0.20088402057484278,921,"[15, 8, 8]"
0.2014223127872756,922,"[15, 7, 8]"
0.20727952528734336,923,"[1, 7, 10]"
0.20730265748681462,924,"[11, 11, 0]"
0.20972066544478057,925,"[12, 4, 2]"
0.21030208474752768,926,"[16, 7, 13]"
0.21074866496761135,927,"[12, 3, 6]"
0.21440360909892703,928,"[10, 15, 0]"
0.21610251610109243,929,"[15, 8, 8]"
0.2169856334702313,930,"[1, 3, 10]"
0.22188960628112062,931,"[20, 3, 16]"
0.22445486815239835,932,"[13, 7, 18]"
0.22780660868255248,933,"[1, 4, 12]"
0.23038400914492962,934,"[15, 3, 8]"
0.23165463415630574,935,"[16, 3, 4]"
0.23261283548493542,936,"[6, 3, 3]"
0.24086936891642122,937,"[11, 14, 0]"
0.2429250602214179,938,"[10, 15, 0]"
0.24373345703532293,939,"[16, 4, 12]"
0.24749629167265993,940,"[18, 8, 16]"
0.24837349254946947,941,"[13, 8, 18]"
0.24904499213939899,942,"[21, 3, 18]"
0.25298253648921687,943,"[20, 4, 18]"
0.2548179931379417,944,"[3, 7, 10]"
0.25746244199959856,945,"[20, 7, 18]"
0.25832850601204443,946,"[18, 3, 15]"
0.2584193939431188,947,"[17, 5, 7]"
0.26246691950842804,948,"[11, 14, 0]"
0.2644412489671591,949,"[17, 5, 14]"
0.2659773397291866,950,"[17, 5, 15]"
0.2681023644966674,951,"[20, 4, 18]"
0.2708156132971037,952,"[12, 3, 17]"
0.2738764170161638,953,"[17, 5, 10]"
0.2742252889088731,954,"[2, 4, 10]"
0.2742467262144796,955,"[17, 5, 4]"
0.2750182039526708,956,"[18, 3, 16]"
0.28723530231661687,957,"[1, 3, 19]"
0.2879784499820142,958,"[17, 5, 16]"
0.289577834798247,959,"[19, 3, 18]"
0.2903302253732011,960,"[20, 3, 18]"
0.2967064707634604,961,"[15, 3, 18]"
0.29779432501305486,962,"[18, 7, 15]"
0.3013407029954856,963,"[6, 3, 4]"
0.3021657043352365,964,"[3, 3, 10]"
0.30497186216181466,965,"[2, 3, 3]"
0.31210855482207833,966,"[10, 11, 0]"
0.3157353149121077,967,"[12, 3, 7]"
0.3170155057493905,968,"[20, 7, 18]"
0.3202661833368655,969,"[1, 3, 10]"
0.3214893724327917,970,"[16, 8, 13]"
0.32591406759894637,971,"[16, 8, 10]"
0.3365244198898347,972,"[18, 4, 16]"
0.33758958736924405,973,"[12, 7, 1]"
0.3381062273519587,974,"[3, 3, 19]"
0.33905111780575564,975,"[15, 3, 8]"
0.3409780356212894,976,"[13, 4, 11]"
0.3459531061638837,977,"[16, 4, 10]"
0.3479023218735795,978,"[13, 7, 11]"
0.35255997131964467,979,"[16, 4, 14]"
0.35446638383037843,980,"[18, 4, 16]"
0.35675152464638465,981,"[16, 4, 13]"
0.3583438742832239,982,"[16, 4, 12]"
0.35911559558931394,983,"[18, 7, 15]"
0.36049726657198217,984,"[22, 4, 15]"
0.36196646137862476,985,"[11, 12, 0]"
0.36215409875968413,986,"[16, 8, 13]"
0.36460319657526424,987,"[20, 4, 18]"
0.36574950252063265,988,"[19, 3, 18]"
0.37034155941171676,989,"[16, 4, 13]"
0.3860303689029166,990,"[12, 8, 5]"
0.3866785218610435,991,"[22, 3, 15]"
0.3982496712718393,992,"[15, 4, 8]"
0.39963918159892653,993,"[16, 8, 10]"
0.40401397360666946,994,"[12, 7, 7]"
0.40847155701531945,995,"[19, 3, 19]"
0.4096300024005162,996,"[15, 4, 8]"
0.410929449437649,997,"[21, 4, 15]"
0.4124649903430858,998,"[1, 7, 4]"
0.42278045284497484,999,"[22, 4, 15]"
0.4267819887289688,1000,"[11, 14, 0]"
0.4293198579499444,1001,"[17, 5, 2]"
0.43248135745063254,1002,"[2, 8, 4]"
0.44384140764977714,1003,"[18, 3, 15]"
0.44415210603074046,1004,"[20, 8, 18]"
0.4450827558860077,1005,"[18, 3, 16]"
0.4471325971959772,1006,"[20, 4, 18]"
0.4517994787998944,1007,"[3, 7, 10]"
0.4586107082295644,1008,"[20, 4, 18]"
0.46468166982261877,1009,"[20, 7, 18]"
0.4666215113638597,1010,"[13, 3, 16]"
0.4680514477358774,1011,"[22, 3, 15]"
0.470681075062174,1012,"[12, 8, 2]"
0.47482295320392753,1013,"[12, 7, 5]"
0.48045197622545627,1014,"[11, 11, 0]"
0.48229240981649363,1015,"[16, 4, 12]"
0.4850489338393902,1016,"[20, 3, 16]"
0.49018063757415914,1017,"[15, 8, 8]"
0.4956923979161522,1018,"[19, 3, 16]"
0.5001874402132412,1019,"[16, 8, 14]"
0.5010420729962999,1020,"[1, 8, 4]"
0.5027837791856312,1021,"[17, 5, 3]"
0.503244371701683,1022,"[10, 11, 0]"
0.5044290339748062,1023,"[2, 7, 3]"
0.5115943756244498,1024,"[18, 3, 16]"
0.5118116144088862,1025,"[21, 3, 18]"
0.5164446339779291,1026,"[19, 3, 18]"
0.5203640260411744,1027,"[14, 3, 19]"
0.5221726254524754,1028,"[15, 3, 8]"
0.5250111583748062,1029,"[18, 7, 15]"
0.5295491906011768,1030,"[16, 4, 13]"
0.5333656219852769,1031,"[11, 15, 0]"
0.5351236738211606,1032,"[22, 3, 15]"
0.5372048100481414,1033,"[20, 3, 17]"
0.537207574737001,1034,"[14, 7, 19]"
0.5416319507791324,1035,"[5, 3, 4]"
0.5439294851698668,1036,"[21, 3, 18]"
0.5442198431704645,1037,"[16, 7, 12]"
0.5457745484764296,1038,"[14, 8, 19]"
0.5466249192786291,1039,"[3, 4, 4]"
0.5630655802721396,1040,"[12, 7, 6]"
0.5696891881886047,1041,"[12, 3, 1]"
0.5722736113996684,1042,"[12, 7, 5]"
0.5744333001870294,1043,"[2, 4, 12]"
0.5747060462485213,1044,"[18, 4, 15]"
0.5751433775797666,1045,"[22, 4, 15]"
0.5842466692032123,1046,"[21, 4, 15]"
0.5842577153462054,1047,"[15, 3, 8]"
0.5845806490146293,1048,"[18, 7, 16]"
0.5862650413806535,1049,"[5, 3, 4]"
0.5936624464709517,1050,"[11, 14, 0]"
0.5938789921135311,1051,"[18, 3, 15]"
0.5975099265615987,1052,"[15, 7, 8]"
0.5983721409921717,1053,"[11, 12, 0]"
0.6012051785663773,1054,"[21, 4, 15]"
0.6013581926757338,1055,"[14, 3, 17]"
0.6021469615845437,1056,"[12, 7, 6]"
0.6112426832705894,1057,"[20, 3, 17]"
0.6197494881825028,1058,"[22, 4, 15]"
0.6224257474715883,1059,"[5, 3, 3]"
0.6331974825903036,1060,"[16, 7, 14]"
0.6394016436795184,1061,"[11, 12, 0]"
0.6553601465184155,1062,"[3, 3, 12]"
0.6577051312712032,1063,"[10, 15, 0]"
0.6663740757899345,1064,"[20, 7, 18]"
0.6702005665877544,1065,"[21, 4, 15]"
0.6759373799047306,1066,"[17, 5, 10]"
0.6761870404791773,1067,"[10, 14, 0]"
0.6802885472228842,1068,"[17, 5, 2]"
0.6835861792508926,1069,"[15, 7, 8]"
0.6862284872456403,1070,"[15, 4, 8]"
0.6927505572924638,1071,"[3, 7, 4]"
0.7018336703329058,1072,"[16, 3, 11]"
0.7058660322407206,1073,"[10, 13, 0]"
0.7085582884520201,1074,"[20, 7, 18]"
0.7096251168331388,1075,"[18, 4, 16]"
0.712728569070554,1076,"[15, 7, 8]"
0.716877761668318,1077,"[11, 11, 0]"
0.717353285523746,1078,"[18, 8, 15]"
0.7305789424585944,1079,"[15, 4, 8]"
0.7328791248948722,1080,"[12, 8, 17]"
0.7362187468446387,1081,"[4, 3, 4]"
0.7382095274032892,1082,"[20, 8, 18]"
0.7406065884181958,1083,"[2, 7, 9]"
0.7504921028424649,1084,"[18, 8, 15]"
0.7626291145512449,1085,"[18, 8, 16]"
0.7705552522715398,1086,"[10, 11, 0]"
0.7762427503268643,1087,"[15, 4, 8]"
0.7833161955852753,1088,"[20, 3, 18]"
0.783742341901263,1089,"[2, 3, 13]"
0.7848212917504878,1090,"[22, 4, 15]"
0.7940078394931012,1091,"[11, 13, 0]"
0.8207772535363761,1092,"[14, 3, 11]"
0.8218262770337446,1093,"[16, 8, 14]"
0.8229508913855732,1094,"[3, 3, 4]"
0.8234822533715151,1095,"[14, 4, 19]"
0.8320076458821972,1096,"[2, 4, 10]"
0.8342766314605239,1097,"[11, 13, 0]"
0.8368363016439772,1098,"[16, 3, 13]"
0.8510989285812327,1099,"[3, 4, 10]"
0.8571900377052777,1100,"[2, 8, 3]"
0.8578288597879954,1101,"[10, 15, 0]"
0.860575648865905,1102,"[16, 8, 12]"
0.8608178883549854,1103,"[12, 4, 1]"
0.8608509515002631,1104,"[11, 14, 0]"
0.8651716168007935,1105,"[3, 8, 3]"
0.8655229424948183,1106,"[8, 3, 3]"
0.8662645272222885,1107,"[1, 7, 3]"
0.8716833841943956,1108,"[20, 8, 18]"
0.8744403433043489,1109,"[11, 11, 0]"
0.8745307795507856,1110,"[17, 5, 17]"
0.8855267355224867,1111,"[15, 7, 8]"
0.8905378464321005,1112,"[15, 3, 8]"
0.895731027000533,1113,"[8, 3, 4]"
0.9006361119923513,1114,"[5, 3, 3]"
0.9030371354836851,1115,"[16, 4, 12]"
0.9230779685276707,1116,"[12, 4, 1]"
0.9293120338798526,1117,"[16, 3, 19]"
0.9358217550610411,1118,"[17, 5, 16]"
0.9390483397641262,1119,"[19, 3, 18]"
0.9508363657726974,1120,"[21, 4, 15]"
0.9516206048044753,1121,"[10, 13, 0]"
0.9550234149699824,1122,"[19, 3, 19]"
0.9776890166947688,1123,"[18, 8, 15]"
0.9833928992993293,1124,"[16, 3, 11]"
0.9888557412741121,1125,"[3, 3, 13]"
1.0021877927413718,1126,"[12, 8, 2]"
1.018938038510368,1127,"[20, 3, 16]"
1.0281567712285389,1128,"[16, 8, 14]"
1.031873379135288,1129,"[16, 8, 14]"
1.0457036074487343,1130,"[14, 8, 11]"
1.0479504095462961,1131,"[3, 8, 3]"
1.062543106100804,1132,"[19, 3, 17]"
1.0801171795476936,1133,"[15, 8, 8]"
1.0854448770675513,1134,"[12, 7, 2]"
1.0862383627352474,1135,"[13, 3, 18]"
1.0891874558131704,1136,"[10, 14, 0]"
1.0916075393097928,1137,"[2, 4, 16]"
1.094981887175465,1138,"[12, 3, 5]"
1.1012008920382588,1139,"[1, 3, 4]"
1.1022464507762588,1140,"[5, 3, 3]"
1.1226512169547966,1141,"[18, 8, 16]"
1.130623587663943,1142,"[11, 15, 0]"
1.1359339575810192,1143,"[20, 3, 18]"
1.1531764371032278,1144,"[10, 13, 0]"
1.1780586425403532,1145,"[20, 3, 17]"
1.1854401800391303,1146,"[9, 3, 4]"
1.188958363618159,1147,"[17, 5, 19]"
1.191172098387642,1148,"[10, 15, 0]"
1.1936130804157499,1149,"[10, 14, 0]"
1.19914426663087,1150,"[12, 3, 2]"
1.2066936533622479,1151,"[16, 8, 14]"
1.2094457207952276,1152,"[18, 8, 15]"
1.2123610813683743,1153,"[21, 3, 18]"
1.2189256023863866,1154,"[10, 12, 0]"
1.2221163021529882,1155,"[13, 4, 18]"
1.2252662153271325,1156,"[6, 3, 3]"
1.2408892213192517,1157,"[21, 4, 15]"
1.251005513706648,1158,"[16, 7, 14]"
1.2511212142187216,1159,"[18, 3, 16]"
1.2652175866167572,1160,"[12, 4, 2]"
1.2815628913942594,1161,"[17, 5, 9]"
1.2823966735709993,1162,"[20, 7, 18]"
1.2831729187859917,1163,"[20, 3, 17]"
1.3212022889012855,1164,"[12, 4, 6]"
1.3219395749727447,1165,"[20, 7, 18]"
1.3233680495581226,1166,"[20, 7, 18]"
1.3236995995194332,1167,"[4, 3, 3]"
1.327307138405624,1168,"[3, 8, 4]"
1.3326519653693563,1169,"[15, 7, 8]"
1.3339080923442146,1170,"[15, 7, 8]"
1.3349779880338006,1171,"[12, 3, 7]"
1.3447031954528839,1172,"[17, 5, 12]"
1.3555849992834763,1173,"[17, 5, 17]"
1.3558192630300816,1174,"[13, 4, 11]"
1.356666785939973,1175,"[15, 7, 8]"
1.3708393445835354,1176,"[16, 4, 14]"
1.4197817960653256,1177,"[16, 4, 14]"
1.4225217102790646,1178,"[18, 3, 16]"
1.4493589753329528,1179,"[20, 3, 18]"
1.4646650704925042,1180,"[3, 8, 4]"
1.4678113226828682,1181,"[13, 4, 11]"
1.525330599481442,1182,"[13, 8, 11]"
1.5669635252700116,1183,"[20, 8, 18]"
1.5723277432028924,1184,"[20, 3, 18]"
1.5780066665094732,1185,"[20, 8, 18]"
1.5856834738691137,1186,"[2, 7, 3]"
1.5857525237863386,1187,"[18, 8, 15]"
1.6313475276851734,1188,"[17, 5, 3]"
1.7227682838654463,1189,"[20, 8, 18]"
1.7252508063802647,1190,"[15, 4, 8]"
1.7285116232896296,1191,"[15, 7, 8]"
1.7315731551699343,1192,"[22, 4, 15]"
1.761044977270023,1193,"[11, 12, 0]"
1.7761760222638205,1194,"[21, 4, 15]"
1.7778535146926437,1195,"[1, 4, 10]"
1.784454890824848,1196,"[12, 8, 2]"
1.800067466838396,1197,"[13, 8, 18]"
1.824172490250091,1198,"[10, 14, 0]"
1.829873869270422,1199,"[17, 5, 17]"
1.832345028807298,1200,"[20, 3, 18]"
1.8721839546285253,1201,"[8, 3, 4]"
1.8722435390591745,1202,"[18, 3, 15]"
1.8729631037333943,1203,"[2, 3, 11]"
1.9199892710391635,1204,"[1, 8, 9]"
1.9371794087989398,1205,"[12, 7, 5]"
1.9494438530228624,1206,"[10, 13, 0]"
1.9518190586375137,1207,"[16, 7, 12]"
1.9712743289078793,1208,"[16, 3, 10]"
1.9723709396903433,1209,"[12, 3, 7]"
2.006308066157547,1210,"[16, 3, 3]"
2.014250725379941,1211,"[15, 3, 18]"
2.085628094803096,1212,"[12, 8, 6]"
2.0882029703704967,1213,"[1, 7, 10]"
2.0882029703704967,1214,"[16, 4, 10]"
2.118400312931608,1215,"[15, 3, 8]"
2.164855451173056,1216,"[18, 8, 15]"
2.2250948692271995,1217,"[16, 7, 13]"
2.269253910337829,1218,"[16, 3, 12]"
2.2824182647263433,1219,"[21, 3, 15]"
2.3070388017510997,1220,"[11, 12, 0]"
2.3418468078418586,1221,"[11, 13, 0]"
2.3984721954427632,1222,"[18, 7, 15]"
2.4160638263549803,1223,"[2, 7, 4]"
2.4196285712269807,1224,"[17, 5, 7]"
2.470043373940347,1225,"[20, 8, 18]"
2.5252440183297695,1226,"[22, 3, 18]"
2.5267792487315215,1227,"[19, 3, 19]"
2.5587186884285833,1228,"[15, 8, 8]"
2.6050693985371938,1229,"[18, 8, 15]"
2.6103030105173053,1230,"[17, 5, 9]"
2.666589145180122,1231,"[19, 3, 18]"
2.7039767959739387,1232,"[15, 3, 8]"
2.729211310672118,1233,"[19, 3, 17]"
2.7391094952053368,1234,"[12, 8, 17]"
2.7841303769055568,1235,"[1, 7, 9]"
2.98112574446114,1236,"[15, 8, 8]"
3.0288857156577356,1237,"[10, 15, 0]"
3.270681041504596,1238,"[12, 4, 5]"
3.298907144866233,1239,"[20, 3, 16]"
3.3369873549158156,1240,"[1, 7, 3]"
3.3975770853697274,1241,"[20, 7, 18]"
3.554263819467409,1242,"[16, 8, 13]"
3.558183752987058,1243,"[18, 4, 15]"
3.59717693831937,1244,"[3, 4, 3]"
3.615111015007861,1245,"[1, 7, 10]"
3.615111015007861,1246,"[15, 8, 8]"
3.6189218602313526,1247,"[16, 8, 13]"
3.664129911679663,1248,"[16, 8, 10]"
3.715734225186207,1249,"[18, 8, 15]"
3.7321030770992305,1250,"[20, 4, 18]"
3.846420565978063,1251,"[3, 8, 9]"
3.940947741304299,1252,"[10, 15, 0]"
3.99715465472857,1253,"[9, 3, 4]"
4.578916274858598,1254,"[15, 7, 8]"
4.5975326273793895,1255,"[20, 3, 16]"
4.631060110293032,1256,"[18, 8, 15]"
4.769452605922478,1257,"[1, 8, 4]"
5.255853170490603,1258,"[1, 3, 11]"
5.334358132261538,1259,"[13, 7, 18]"
5.508623683179282,1260,"[15, 3, 18]"
8.118418846104989,1261,"[14, 4, 19]"
