System,User,Operation,Object,Date,Day,Time
2,1,3,17,20200101,3,93811
1,22,5,10,20200101,3,100626
1,18,2,0,20200101,3,102448
1,6,8,11,20200101,3,103307
2,12,4,18,20200101,3,103751
1,1,14,0,20200101,3,104514
1,2,2,0,20200101,3,110421
1,16,14,0,20200101,3,111134
1,5,3,5,20200101,3,130038
1,16,2,0,20200101,3,140424
1,16,4,12,20200101,3,154635
1,18,2,0,20200101,3,162711
2,16,3,16,20200102,4,93016
1,17,7,12,20200102,4,102443
1,16,5,5,20200102,4,133016
2,21,3,16,20200102,4,141355
1,11,2,0,20200102,4,145607
1,18,3,4,20200102,4,164134
1,16,3,1,20200103,5,94804
2,15,3,18,20200103,5,100609
1,18,2,0,20200103,5,101406
1,1,3,3,20200103,5,114726
1,12,3,19,20200103,5,130739
1,15,3,3,20200103,5,153626
2,2,3,18,20200103,5,163000
1,2,4,8,20200103,5,163022
2,1,3,16,20200106,1,101951
1,12,8,3,20200106,1,110005
2,18,4,15,20200106,1,115630
1,19,2,0,20200106,1,115848
1,13,4,8,20200106,1,120024
1,17,2,0,20200106,1,150928
2,13,3,16,20200106,1,164841
1,1,2,0,20200107,2,90255
1,14,5,10,20200107,2,110828
1,11,4,10,20200107,2,141011
1,6,15,0,20200107,2,143728
1,18,2,0,20200107,2,151324
2,1,8,18,20200107,2,151639
1,11,2,0,20200107,2,164913
1,18,14,0,20200108,3,125541
2,17,4,15,20200108,3,132134
1,7,2,0,20200109,4,90543
1,15,3,1,20200109,4,103305
1,15,15,0,20200109,4,103910
1,15,2,0,20200109,4,115656
2,20,7,16,20200109,4,141731
1,17,2,0,20200109,4,144757
1,20,4,10,20200109,4,164724
1,16,2,0,20200110,5,95336
1,21,2,0,20200110,5,132815
1,13,4,5,20200110,5,151015
1,22,3,8,20200110,5,153905
1,17,7,8,20200110,5,164458
1,20,2,0,20200113,1,101011
2,22,4,18,20200113,1,110001
1,21,5,10,20200113,1,110655
2,20,7,17,20200113,1,113731
2,8,4,15,20200113,1,122805
1,17,8,6,20200113,1,135842
2,17,8,18,20200114,2,92314
1,16,2,0,20200114,2,124736
1,11,2,0,20200115,3,93303
1,17,8,1,20200115,3,125406
1,10,2,0,20200115,3,140104
1,12,8,11,20200115,3,140333
1,20,2,0,20200115,3,140813
1,17,2,0,20200115,3,153550
1,14,2,0,20200115,3,154141
1,20,3,4,20200115,3,164113
1,14,15,0,20200116,4,93032
1,19,2,0,20200116,4,102150
1,12,2,0,20200116,4,105935
1,2,2,0,20200116,4,110641
1,17,4,8,20200116,4,143835
1,4,2,0,20200116,4,145027
1,20,4,11,20200116,4,162129
2,19,7,18,20200117,5,105625
2,12,5,15,20200117,5,114936
1,20,2,0,20200117,5,120210
2,16,8,18,20200117,5,120758
1,10,3,4,20200117,5,142155
1,9,8,8,20200117,5,153421
2,3,4,15,20200120,1,92548
2,20,3,17,20200120,1,95155
2,18,3,16,20200120,1,113839
1,20,2,0,20200120,1,122744
1,20,3,4,20200120,1,125223
1,22,3,3,20200120,1,140828
1,18,2,0,20200120,1,154612
2,15,4,15,20200120,1,160506
1,15,3,3,20200120,1,163008
2,22,8,18,20200120,1,164736
1,18,14,0,20200120,1,165809
1,17,11,0,20200121,2,100041
1,18,3,3,20200121,2,112957
1,18,2,0,20200121,2,115514
1,3,4,8,20200121,2,115635
1,17,2,0,20200121,2,124604
1,13,5,7,20200121,2,125532
2,18,3,18,20200121,2,141125
1,6,2,0,20200121,2,145303
1,16,2,0,20200121,2,151652
1,20,2,0,20200121,2,153435
2,15,8,18,20200122,3,120645
2,14,4,15,20200122,3,161427
1,15,11,0,20200123,4,92454
1,16,2,0,20200123,4,130239
1,8,7,7,20200123,4,131906
1,10,3,14,20200123,4,163725
1,19,2,0,20200124,5,90609
1,17,7,9,20200124,5,94912
1,3,5,10,20200124,5,94940
1,13,2,0,20200124,5,140758
1,13,2,0,20200124,5,144914
1,14,2,0,20200124,5,161632
1,14,2,0,20200127,1,90920
1,20,13,0,20200127,1,91014
2,10,3,15,20200127,1,94324
1,19,3,3,20200127,1,104257
2,10,4,15,20200127,1,125859
1,21,2,0,20200127,1,135720
2,15,3,18,20200127,1,154929
1,20,2,0,20200128,2,100239
1,13,2,0,20200128,2,104438
2,19,3,16,20200128,2,155434
1,13,2,0,20200129,3,133748
1,19,2,0,20200129,3,144846
1,18,2,0,20200129,3,163854
1,9,4,3,20200129,3,165104
1,1,2,0,20200130,4,101609
1,22,8,3,20200130,4,111031
1,14,2,0,20200130,4,121538
1,5,8,8,20200130,4,153137
1,19,8,19,20200131,5,95140
1,11,8,8,20200131,5,144420
2,3,3,18,20200131,5,152054
1,21,2,0,20200203,1,110748
2,10,4,16,20200203,1,111258
1,16,3,19,20200203,1,111839
2,17,3,16,20200203,1,151244
1,19,2,0,20200203,1,155905
1,10,3,12,20200204,2,112325
1,10,7,14,20200204,2,121437
1,13,2,0,20200204,2,121533
2,18,3,18,20200204,2,122817
1,22,3,4,20200204,2,125615
1,20,7,4,20200204,2,130639
1,12,2,0,20200204,2,152915
1,16,2,0,20200204,2,154556
1,22,3,19,20200205,3,90413
1,15,3,3,20200205,3,105628
1,17,2,0,20200205,3,111430
2,1,3,17,20200205,3,111803
1,17,2,0,20200205,3,112749
2,12,4,15,20200205,3,113744
1,2,2,0,20200205,3,122513
1,16,5,7,20200205,3,152552
1,13,2,0,20200205,3,160355
2,17,4,18,20200206,4,93213
1,21,3,19,20200206,4,104127
1,18,14,0,20200206,4,120006
2,13,3,18,20200206,4,131834
2,1,8,18,20200206,4,142005
2,16,4,15,20200206,4,154848
1,15,13,0,20200206,4,155530
2,12,4,15,20200207,5,100724
1,18,7,13,20200207,5,123037
2,16,4,18,20200210,1,100706
2,12,3,16,20200210,1,103350
2,20,3,16,20200210,1,125603
1,1,3,3,20200210,1,131350
1,2,4,10,20200210,1,143148
1,11,4,8,20200210,1,163732
1,15,2,0,20200210,1,164230
2,20,3,15,20200211,2,103920
1,6,2,0,20200211,2,104956
1,18,2,0,20200211,2,111644
2,15,3,18,20200211,2,124207
1,18,8,10,20200211,2,135115
2,3,3,17,20200211,2,151632
1,13,4,10,20200211,2,163714
1,18,2,0,20200212,3,101202
1,20,4,10,20200212,3,103857
1,20,11,0,20200212,3,112851
1,15,15,0,20200212,3,113120
1,17,4,8,20200212,3,123854
1,21,2,0,20200212,3,132318
1,10,2,0,20200212,3,161636
1,1,11,0,20200212,3,164528
1,14,2,0,20200213,4,92033
2,18,3,18,20200213,4,110941
2,20,8,16,20200213,4,122933
2,6,7,17,20200213,4,131618
1,3,2,0,20200213,4,134930
1,22,5,19,20200213,4,140033
1,6,12,0,20200213,4,144453
1,13,2,0,20200213,4,153555
2,18,8,18,20200213,4,154556
1,5,15,0,20200214,5,92751
1,20,2,0,20200214,5,94109
1,19,2,0,20200214,5,122904
1,4,3,8,20200217,1,90649
1,20,7,3,20200217,1,104250
2,20,5,17,20200217,1,122638
1,8,2,0,20200217,1,123931
1,8,2,0,20200217,1,132442
1,12,5,2,20200217,1,133209
1,17,15,0,20200217,1,153612
2,17,8,18,20200218,2,95710
2,18,3,18,20200218,2,123336
1,17,12,0,20200218,2,132944
2,17,3,17,20200218,2,150841
2,5,3,18,20200218,2,155900
1,2,2,0,20200219,3,112405
2,4,5,18,20200219,3,130104
2,17,3,17,20200219,3,150108
1,19,7,12,20200219,3,161045
2,19,4,16,20200219,3,164346
1,19,2,0,20200220,4,91219
1,19,2,0,20200220,4,101804
1,14,2,0,20200220,4,103519
1,10,2,0,20200220,4,112925
1,12,7,13,20200220,4,121539
1,19,2,0,20200220,4,142512
2,19,8,18,20200220,4,154331
1,12,4,4,20200220,4,160759
1,14,2,0,20200221,5,135220
2,15,8,18,20200221,5,145331
1,20,8,3,20200221,5,151611
1,15,2,0,20200221,5,154704
1,17,13,0,20200224,1,110104
1,19,8,3,20200224,1,120010
1,15,7,2,20200224,1,121200
1,15,14,0,20200224,1,123813
1,18,2,0,20200224,1,141700
2,21,5,15,20200224,1,164256
2,17,7,18,20200225,2,100857
2,19,3,18,20200225,2,102433
1,3,2,0,20200225,2,142413
1,11,3,4,20200225,2,155722
1,20,4,19,20200226,3,114407
2,16,3,16,20200226,3,122634
2,22,4,18,20200226,3,123019
1,17,12,0,20200226,3,124006
1,12,2,0,20200226,3,132659
1,18,7,7,20200226,3,145408
1,2,15,0,20200226,3,145454
1,10,2,0,20200226,3,150758
2,16,4,17,20200226,3,153840
1,18,3,19,20200227,4,90338
2,16,8,15,20200227,4,93242
2,16,7,18,20200227,4,105351
1,16,7,1,20200227,4,112856
2,10,7,16,20200227,4,120242
1,15,3,1,20200227,4,134857
1,18,2,0,20200227,4,153028
1,16,2,0,20200228,5,134932
1,18,2,0,20200228,5,161637
2,7,7,16,20200302,1,91545
2,16,4,15,20200302,1,94731
2,10,3,15,20200302,1,111515
2,2,7,18,20200302,1,113714
2,15,7,15,20200302,1,124206
1,18,3,19,20200302,1,144432
1,3,2,0,20200303,2,101849
1,17,8,3,20200303,2,111501
1,16,11,0,20200303,2,133052
1,1,2,0,20200303,2,133906
1,7,13,0,20200303,2,165428
2,20,4,15,20200304,3,150001
1,8,2,0,20200304,3,154546
1,16,2,0,20200304,3,154932
1,20,7,8,20200304,3,165615
1,2,2,0,20200305,4,92227
1,15,2,0,20200305,4,124052
1,12,3,8,20200305,4,140124
1,14,8,8,20200305,4,141829
2,10,7,18,20200305,4,153418
1,20,12,0,20200305,4,154045
2,12,3,18,20200306,5,102340
1,12,2,0,20200306,5,114405
1,14,7,8,20200306,5,130705
1,13,7,8,20200306,5,135251
2,15,4,15,20200306,5,141352
1,19,2,0,20200306,5,165313
1,15,3,3,20200309,1,95831
1,21,7,10,20200309,1,110024
1,18,7,8,20200309,1,112845
1,14,2,0,20200309,1,150154
2,21,4,15,20200309,1,152756
2,15,4,15,20200309,1,153631
1,21,15,0,20200309,1,154040
2,4,5,18,20200310,2,92955
1,22,2,0,20200310,2,120841
1,11,2,0,20200310,2,123149
1,12,3,3,20200310,2,130014
1,16,2,0,20200310,2,132042
1,13,4,2,20200310,2,132833
1,16,8,11,20200310,2,132844
1,10,3,8,20200310,2,153022
1,20,4,7,20200311,3,92807
1,19,2,0,20200311,3,113410
2,20,8,16,20200312,4,95837
1,20,2,0,20200312,4,114717
2,14,7,18,20200312,4,121017
1,16,5,14,20200312,4,122731
1,6,2,0,20200312,4,132656
1,3,2,0,20200312,4,140811
2,11,4,15,20200312,4,154324
1,18,2,0,20200312,4,155325
1,17,7,12,20200312,4,161231
2,4,3,16,20200312,4,162648
2,6,3,15,20200313,5,90802
1,15,4,12,20200313,5,134908
2,18,4,15,20200313,5,143000
2,2,3,17,20200313,5,153401
1,15,11,0,20200313,5,161304
1,16,7,8,20200316,1,141056
1,21,2,0,20200316,1,150803
1,18,7,19,20200316,1,165137
1,16,2,0,20200317,2,91307
1,17,3,5,20200317,2,115926
1,3,2,0,20200317,2,164511
1,18,2,0,20200318,3,93416
1,20,3,11,20200318,3,101543
1,17,3,19,20200318,3,132638
1,22,2,0,20200319,4,95509
1,13,2,0,20200319,4,100713
2,18,7,18,20200319,4,101104
1,20,2,0,20200319,4,103002
1,1,2,0,20200319,4,120255
1,15,3,19,20200319,4,124804
1,22,2,0,20200319,4,130012
2,17,4,15,20200319,4,134730
2,17,3,17,20200319,4,160915
1,3,5,5,20200320,5,122626
1,17,7,8,20200320,5,125236
1,17,3,4,20200320,5,134713
2,12,8,18,20200320,5,143533
2,15,4,18,20200320,5,160727
1,19,2,0,20200323,1,93856
1,17,2,0,20200323,1,114830
1,17,2,0,20200323,1,123919
1,19,12,0,20200323,1,134318
2,8,4,16,20200324,2,92143
1,20,3,4,20200324,2,93100
1,18,2,0,20200324,2,121304
2,13,4,18,20200324,2,132827
1,21,7,8,20200324,2,151437
1,9,3,13,20200324,2,155910
1,19,2,0,20200324,2,162921
1,17,2,0,20200324,2,164109
1,12,2,0,20200324,2,165103
1,17,8,11,20200324,2,165920
2,16,7,18,20200325,3,94603
1,1,2,0,20200325,3,155345
1,14,4,5,20200326,4,91349
1,21,2,0,20200326,4,110215
1,15,7,2,20200326,4,123401
1,22,2,0,20200326,4,150048
1,19,12,0,20200327,5,102706
1,2,2,0,20200327,5,103143
1,19,2,0,20200327,5,104519
1,18,8,7,20200327,5,110608
1,13,2,0,20200327,5,111811
1,12,2,0,20200327,5,133154
2,14,3,15,20200327,5,135455
1,17,2,0,20200327,5,145848
1,2,3,19,20200327,5,160308
1,17,2,0,20200330,1,94258
1,21,2,0,20200330,1,104110
1,18,2,0,20200330,1,113824
1,15,3,19,20200330,1,150345
1,12,8,8,20200330,1,152915
1,15,5,7,20200330,1,153856
1,15,2,0,20200330,1,165201
1,20,15,0,20200331,2,94725
2,3,4,15,20200331,2,101029
2,4,4,18,20200331,2,110832
1,5,4,8,20200331,2,111900
1,3,2,0,20200401,3,92115
2,18,3,16,20200401,3,93546
1,12,7,19,20200401,3,115358
1,19,14,0,20200401,3,135808
1,19,2,0,20200401,3,135857
2,19,4,15,20200401,3,141723
1,20,4,1,20200401,3,154413
1,8,4,5,20200401,3,160655
1,2,3,7,20200402,4,101122
1,6,2,0,20200402,4,105017
1,20,4,3,20200402,4,113926
1,16,12,0,20200402,4,154905
1,18,2,0,20200403,5,93830
1,11,2,0,20200403,5,112306
1,13,14,0,20200403,5,132157
1,12,14,0,20200406,1,94755
1,5,2,0,20200406,1,105323
2,15,3,18,20200406,1,111019
2,21,3,16,20200406,1,114100
1,22,14,0,20200406,1,120101
1,20,2,0,20200406,1,130034
1,14,2,0,20200406,1,132759
1,11,2,0,20200406,1,143053
2,5,3,15,20200407,2,102126
1,11,2,0,20200407,2,103202
1,19,3,4,20200407,2,105559
1,10,4,10,20200407,2,135015
1,10,2,0,20200407,2,142400
1,16,7,11,20200407,2,153144
1,17,7,13,20200408,3,140130
1,12,2,0,20200408,3,142356
2,15,7,18,20200408,3,161108
1,10,2,0,20200409,4,94206
1,19,5,7,20200409,4,113616
1,20,7,19,20200409,4,115605
1,13,2,0,20200409,4,124644
1,20,3,19,20200409,4,151346
1,15,4,10,20200409,4,162105
1,12,5,8,20200410,5,92404
1,7,3,8,20200410,5,130602
2,10,3,17,20200410,5,131902
1,17,3,4,20200410,5,140748
1,21,3,4,20200410,5,142152
2,15,4,15,20200410,5,163541
1,20,14,0,20200413,1,104827
1,1,3,8,20200413,1,114922
1,18,4,8,20200413,1,131144
2,2,3,15,20200413,1,133654
1,19,2,0,20200413,1,142529
1,1,2,0,20200413,1,143046
2,18,3,16,20200413,1,153327
1,12,7,12,20200414,2,90427
1,19,7,10,20200414,2,93634
1,3,7,12,20200414,2,104617
1,10,2,0,20200414,2,114820
1,19,5,5,20200414,2,144456
2,1,4,16,20200414,2,161457
1,12,7,13,20200415,3,91638
2,11,7,17,20200415,3,92437
1,12,2,0,20200415,3,115056
1,11,3,1,20200415,3,115119
2,17,3,18,20200415,3,143055
1,19,5,4,20200415,3,161930
1,15,8,19,20200416,4,100951
1,12,2,0,20200416,4,105915
2,16,7,15,20200416,4,151016
1,12,4,14,20200416,4,151544
1,16,2,0,20200416,4,154135
1,18,2,0,20200416,4,154351
2,18,3,16,20200417,5,91405
1,15,2,0,20200417,5,102558
2,12,8,15,20200417,5,114525
1,16,7,1,20200417,5,124655
1,12,7,8,20200417,5,132141
2,12,4,18,20200417,5,153202
1,4,2,0,20200417,5,161649
1,18,8,8,20200417,5,163412
1,14,3,13,20200420,1,92209
1,15,7,1,20200420,1,105713
1,12,4,13,20200420,1,124119
1,9,2,0,20200420,1,145359
1,12,2,0,20200420,1,152026
1,18,3,19,20200420,1,155405
1,6,4,6,20200420,1,161839
1,12,5,5,20200421,2,124659
2,9,8,16,20200421,2,132028
1,18,3,13,20200421,2,155003
1,21,2,0,20200422,3,90248
1,15,3,4,20200422,3,94645
1,16,7,8,20200422,3,101052
1,19,4,1,20200422,3,105652
1,21,2,0,20200422,3,112645
1,19,2,0,20200422,3,132807
1,13,2,0,20200423,4,114554
1,19,7,8,20200423,4,132952
1,20,3,4,20200423,4,133704
1,20,4,4,20200423,4,144019
1,10,5,2,20200423,4,155715
1,20,7,12,20200424,5,124742
2,19,3,17,20200424,5,144906
1,10,2,0,20200424,5,155333
1,3,11,0,20200427,1,132315
1,16,3,8,20200427,1,132451
2,12,7,18,20200427,1,153050
1,20,7,13,20200428,2,102011
1,14,13,0,20200428,2,113504
2,17,7,17,20200428,2,114758
2,20,3,15,20200428,2,123431
1,12,2,0,20200428,2,130237
2,14,7,15,20200428,2,132645
1,3,2,0,20200428,2,132704
1,22,8,11,20200428,2,154235
2,21,4,18,20200428,2,160254
1,10,2,0,20200429,3,103146
1,8,5,19,20200429,3,110345
1,18,4,8,20200429,3,112608
1,11,2,0,20200429,3,145050
2,10,8,18,20200429,3,153120
2,13,3,15,20200429,3,162644
2,12,8,18,20200429,3,164840
1,18,8,14,20200430,4,90157
2,21,4,18,20200430,4,132200
1,12,2,0,20200430,4,133746
1,12,2,0,20200430,4,141327
1,15,2,0,20200430,4,164831
1,11,4,3,20200501,5,121308
2,19,3,18,20200501,5,122346
2,5,3,15,20200501,5,125517
1,12,2,0,20200501,5,135414
1,13,8,9,20200501,5,140309
2,9,7,18,20200501,5,145514
1,15,8,5,20200501,5,153658
1,14,11,0,20200501,5,163944
2,10,4,15,20200504,1,95213
2,19,8,18,20200504,1,113831
2,10,4,15,20200504,1,114634
1,2,8,8,20200504,1,115606
1,19,4,11,20200504,1,125538
2,20,7,16,20200504,1,145832
1,15,2,0,20200505,2,100714
2,19,8,17,20200505,2,113423
1,3,11,0,20200505,2,152815
2,20,3,18,20200505,2,165502
1,17,4,9,20200506,3,91231
1,20,2,0,20200506,3,95259
2,22,3,18,20200506,3,141803
2,2,3,17,20200506,3,144627
1,15,2,0,20200506,3,160505
2,10,8,16,20200506,3,162502
2,19,4,18,20200507,4,120038
2,10,3,16,20200507,4,142052
2,22,8,18,20200507,4,144558
2,19,4,15,20200507,4,151404
2,21,8,15,20200507,4,165621
1,15,7,3,20200508,5,91421
2,2,7,18,20200508,5,102501
1,21,3,3,20200508,5,104422
1,20,7,2,20200508,5,113118
1,20,2,0,20200508,5,115336
1,21,4,2,20200508,5,121617
2,13,7,15,20200508,5,152510
1,15,7,1,20200508,5,154812
1,9,3,5,20200508,5,163106
2,15,8,16,20200511,1,124652
1,13,7,14,20200511,1,133929
2,1,4,15,20200511,1,142023
2,17,3,18,20200511,1,145959
1,17,2,0,20200512,2,113615
1,11,2,0,20200512,2,161335
2,10,7,16,20200513,3,121852
1,18,7,11,20200513,3,141821
1,21,5,6,20200513,3,144241
1,6,2,0,20200513,3,144337
2,15,7,18,20200513,3,162234
1,19,4,9,20200514,4,110510
1,16,13,0,20200514,4,123925
1,12,4,8,20200514,4,124926
1,19,8,5,20200514,4,131948
1,17,2,0,20200514,4,142344
1,21,13,0,20200514,4,142842
1,12,14,0,20200514,4,145659
1,12,3,3,20200515,5,92110
1,12,2,0,20200515,5,94610
1,19,3,11,20200515,5,105021
2,20,3,17,20200515,5,115109
1,21,2,0,20200515,5,122335
1,11,2,0,20200515,5,151346
1,13,4,13,20200515,5,155605
1,12,11,0,20200518,1,103535
2,20,3,18,20200518,1,105919
1,22,4,9,20200518,1,114537
2,11,8,15,20200518,1,114931
2,3,3,15,20200518,1,123902
1,16,2,0,20200518,1,125749
1,15,4,19,20200518,1,141317
1,17,3,4,20200518,1,152832
2,22,7,18,20200519,2,123035
2,13,5,15,20200519,2,123642
2,13,4,15,20200519,2,124219
1,7,3,1,20200519,2,143548
2,4,3,18,20200519,2,143833
1,21,5,2,20200519,2,155250
2,4,8,18,20200519,2,165714
1,15,12,0,20200520,3,94952
1,18,3,19,20200520,3,122123
1,17,8,3,20200520,3,142335
2,13,7,15,20200520,3,163442
1,18,2,0,20200521,4,101719
1,22,2,0,20200521,4,132402
2,15,4,18,20200521,4,152208
1,18,5,4,20200522,5,92758
1,16,8,11,20200522,5,103026
1,10,8,10,20200522,5,120646
1,3,3,8,20200522,5,125415
1,21,8,19,20200522,5,145023
1,12,3,4,20200522,5,152108
1,13,4,5,20200525,1,105608
2,15,7,18,20200525,1,124044
1,9,5,1,20200525,1,134023
2,18,3,15,20200525,1,154042
1,17,3,3,20200525,1,154105
1,20,8,8,20200525,1,160048
1,17,2,0,20200525,1,160049
1,19,2,0,20200525,1,161631
1,18,2,0,20200526,2,100406
2,2,3,17,20200526,2,105003
1,16,2,0,20200526,2,132348
1,14,3,9,20200526,2,144821
1,19,7,12,20200526,2,152236
1,12,7,8,20200526,2,161130
1,17,4,10,20200526,2,164313
1,17,11,0,20200526,2,165216
1,13,3,3,20200527,3,105322
1,17,8,8,20200527,3,114849
2,6,3,18,20200527,3,125455
1,16,7,5,20200527,3,140938
1,6,3,11,20200527,3,145409
1,20,2,0,20200527,3,155202
1,12,8,8,20200527,3,164635
2,10,7,18,20200528,4,93821
1,18,8,11,20200528,4,95727
1,12,2,0,20200528,4,115612
1,16,2,0,20200528,4,121330
1,21,13,0,20200528,4,125711
1,20,8,11,20200528,4,150447
2,15,7,18,20200528,4,153055
1,21,8,19,20200529,5,102702
2,15,4,18,20200529,5,131608
1,20,2,0,20200529,5,164433
2,14,3,18,20200601,1,90549
1,15,11,0,20200601,1,92601
1,20,2,0,20200601,1,93345
2,15,3,18,20200601,1,121604
1,19,4,6,20200601,1,130500
1,18,3,19,20200601,1,153331
2,12,3,17,20200601,1,161310
1,15,3,4,20200602,2,93843
1,10,3,3,20200602,2,104947
1,2,3,3,20200602,2,110213
1,17,2,0,20200602,2,133037
2,16,7,16,20200602,2,152652
1,19,8,3,20200602,2,154133
2,5,4,15,20200602,2,154525
1,16,2,0,20200603,3,90509
1,15,2,0,20200603,3,105711
1,15,3,3,20200603,3,113832
1,18,5,6,20200603,3,144126
1,15,11,0,20200603,3,154834
1,13,7,8,20200603,3,161102
1,19,7,14,20200603,3,162143
1,16,3,19,20200604,4,90647
1,16,12,0,20200604,4,111532
1,15,5,19,20200604,4,111813
2,10,3,18,20200604,4,112912
1,19,4,13,20200604,4,134726
1,15,3,3,20200604,4,141513
2,18,7,18,20200604,4,141923
1,17,3,4,20200604,4,161549
1,15,3,19,20200604,4,164722
1,19,8,13,20200605,5,134738
1,16,7,8,20200605,5,140630
1,19,7,3,20200605,5,142958
1,13,8,7,20200605,5,143943
1,11,3,12,20200605,5,144054
1,15,3,19,20200605,5,164252
2,9,3,15,20200608,1,91036
1,12,8,19,20200608,1,91602
1,3,2,0,20200608,1,93947
2,21,3,18,20200608,1,95512
1,19,2,0,20200608,1,110300
1,17,3,9,20200608,1,111528
2,7,7,18,20200608,1,140628
1,15,4,12,20200608,1,152615
1,8,5,4,20200608,1,164137
1,1,2,0,20200608,1,165556
2,13,3,15,20200609,2,112420
2,18,3,15,20200609,2,120131
1,22,13,0,20200609,2,135622
2,17,4,15,20200609,2,140344
1,10,2,0,20200610,3,91500
1,16,8,5,20200610,3,101758
1,16,15,0,20200610,3,130820
1,19,2,0,20200610,3,143210
1,20,2,0,20200610,3,145839
2,20,3,18,20200611,4,102510
2,20,5,17,20200611,4,105057
2,12,3,17,20200611,4,114251
1,20,2,0,20200611,4,120956
2,20,3,18,20200611,4,122700
1,15,2,0,20200611,4,135044
1,22,2,0,20200611,4,140639
1,21,3,19,20200612,5,90326
2,18,4,15,20200612,5,114458
1,18,2,0,20200612,5,134848
1,15,7,3,20200612,5,135946
1,16,3,19,20200615,1,90122
1,14,11,0,20200615,1,114525
1,15,3,6,20200615,1,123337
2,12,4,15,20200615,1,161754
1,12,2,0,20200616,2,111756
1,10,2,0,20200616,2,134548
1,20,2,0,20200617,3,90229
1,16,2,0,20200617,3,112136
1,22,2,0,20200617,3,144750
2,8,3,16,20200617,3,150003
2,17,7,18,20200617,3,162033
1,20,2,0,20200617,3,165639
2,17,4,16,20200618,4,93421
1,22,2,0,20200618,4,115540
2,21,4,16,20200618,4,132728
1,22,12,0,20200618,4,135104
1,20,4,11,20200618,4,135739
2,17,3,15,20200618,4,154715
2,16,3,16,20200618,4,161014
2,19,3,16,20200619,5,111417
1,3,4,8,20200619,5,114947
1,15,3,5,20200619,5,135542
1,5,7,10,20200619,5,140135
1,20,3,2,20200622,1,104206
1,5,2,0,20200622,1,113830
1,14,2,0,20200622,1,124151
1,18,2,0,20200623,2,90759
1,8,8,8,20200623,2,95126
1,6,2,0,20200623,2,111409
1,20,8,13,20200623,2,123449
2,12,5,18,20200623,2,151608
2,12,3,17,20200623,2,154314
1,13,7,10,20200623,2,154509
2,13,4,16,20200624,3,92707
1,9,2,0,20200624,3,111302
2,21,3,16,20200624,3,113753
2,17,4,15,20200624,3,124956
2,16,4,15,20200624,3,151058
2,2,4,18,20200624,3,151421
1,12,5,9,20200625,4,111928
2,20,4,15,20200625,4,113326
1,10,2,0,20200625,4,122724
1,4,2,0,20200626,5,101410
1,18,2,0,20200626,5,102107
1,17,8,4,20200626,5,112451
2,21,7,15,20200626,5,115842
1,22,4,19,20200626,5,133425
1,12,2,0,20200626,5,154619
1,2,7,14,20200629,1,91613
2,17,3,17,20200629,1,102034
2,18,3,18,20200629,1,130021
2,16,7,17,20200629,1,132840
1,5,2,0,20200629,1,135238
1,13,2,0,20200629,1,162257
1,14,2,0,20200630,2,94656
2,10,5,17,20200630,2,105605
1,22,2,0,20200630,2,122307
2,19,3,18,20200630,2,144552
1,13,8,13,20200630,2,145406
1,22,2,0,20200701,3,100345
1,14,4,5,20200701,3,115755
1,12,2,0,20200701,3,132257
2,17,3,18,20200701,3,143358
1,17,7,4,20200701,3,150846
1,1,14,0,20200701,3,153953
1,11,4,9,20200702,4,132406
1,18,2,0,20200702,4,144208
1,12,2,0,20200702,4,160740
1,20,3,19,20200703,5,94855
2,2,4,15,20200703,5,112928
1,20,8,8,20200703,5,124351
1,16,2,0,20200703,5,133132
1,15,2,0,20200703,5,133452
1,19,14,0,20200703,5,135048
1,16,7,4,20200703,5,140452
1,15,2,0,20200703,5,140510
2,22,4,15,20200703,5,154956
2,15,4,15,20200706,1,92105
1,15,2,0,20200706,1,93424
2,17,8,15,20200706,1,100616
2,4,7,17,20200706,1,105444
1,17,7,9,20200706,1,105643
1,13,3,13,20200706,1,132553
1,3,2,0,20200707,2,101002
1,10,3,7,20200707,2,122735
1,20,8,1,20200708,3,102442
2,15,7,15,20200708,3,132038
1,14,12,0,20200708,3,141224
1,11,7,5,20200708,3,145339
2,13,4,15,20200708,3,155858
1,12,3,3,20200708,3,164446
1,21,3,4,20200709,4,93658
1,12,7,13,20200709,4,94509
1,17,3,3,20200709,4,113529
1,4,2,0,20200709,4,121358
2,16,4,16,20200709,4,121835
2,15,3,18,20200709,4,133616
1,22,7,8,20200709,4,150052
1,17,3,3,20200709,4,151914
1,20,12,0,20200709,4,155434
1,12,8,10,20200709,4,164853
1,12,2,0,20200709,4,165647
1,16,2,0,20200710,5,120233
1,14,3,4,20200710,5,122418
1,3,3,9,20200710,5,162734
1,14,11,0,20200713,1,92829
2,18,3,16,20200713,1,121247
1,16,8,6,20200713,1,150044
1,14,3,19,20200713,1,151626
1,15,2,0,20200713,1,151651
2,13,4,18,20200713,1,152031
1,19,4,2,20200714,2,90810
1,2,8,5,20200714,2,101520
1,16,4,19,20200714,2,110805
1,12,2,0,20200714,2,114345
1,1,3,3,20200714,2,123834
1,16,8,8,20200714,2,131642
1,17,3,19,20200714,2,143558
1,20,5,5,20200714,2,144038
2,17,3,16,20200714,2,153005
2,15,7,15,20200714,2,155408
1,19,2,0,20200714,2,163315
1,17,3,4,20200715,3,120116
2,20,3,18,20200715,3,122450
1,11,8,2,20200715,3,142653
1,1,2,0,20200715,3,143623
1,9,5,2,20200716,4,91029
1,16,3,19,20200716,4,95254
1,2,2,0,20200716,4,103618
2,22,3,18,20200716,4,105401
2,20,3,18,20200717,5,94659
1,21,2,0,20200717,5,101349
2,4,3,18,20200717,5,103507
1,17,2,0,20200717,5,115848
1,10,5,10,20200717,5,123919
2,6,8,18,20200717,5,125052
2,13,8,18,20200717,5,132116
2,19,4,15,20200717,5,165025
1,22,3,12,20200720,1,141501
1,14,2,0,20200721,2,90501
1,18,12,0,20200721,2,94259
2,19,3,18,20200721,2,102646
2,16,7,16,20200721,2,103625
1,4,2,0,20200721,2,143040
1,17,8,13,20200721,2,153116
1,3,4,11,20200722,3,100841
1,1,3,8,20200722,3,101409
1,16,14,0,20200722,3,135615
1,17,4,19,20200722,3,162400
1,13,2,0,20200722,3,165711
1,19,7,19,20200723,4,103003
1,13,15,0,20200723,4,125123
1,19,3,3,20200723,4,134502
1,13,2,0,20200723,4,140547
1,2,2,0,20200723,4,144210
1,19,15,0,20200723,4,153051
1,22,3,3,20200723,4,153214
1,1,2,0,20200724,5,110839
1,17,15,0,20200724,5,113452
1,15,2,0,20200724,5,122444
2,15,7,15,20200724,5,132027
1,17,2,0,20200724,5,153309
1,13,2,0,20200724,5,161722
1,11,7,14,20200724,5,163400
2,17,4,16,20200727,1,110210
1,13,2,0,20200727,1,111856
1,15,3,3,20200727,1,113800
2,20,3,16,20200727,1,143138
1,16,4,11,20200728,2,100504
1,16,2,0,20200728,2,100900
1,17,14,0,20200728,2,103205
1,16,5,6,20200728,2,131036
2,11,4,15,20200728,2,154304
1,12,11,0,20200728,2,155028
1,22,14,0,20200728,2,165000
1,20,12,0,20200729,3,100938
2,18,4,18,20200729,3,122157
2,12,3,16,20200729,3,162238
1,19,7,1,20200730,4,102656
1,1,4,8,20200730,4,104430
2,19,4,18,20200730,4,105355
1,22,2,0,20200730,4,114320
1,18,5,2,20200730,4,133610
1,21,2,0,20200731,5,102535
2,11,3,17,20200731,5,133821
1,7,14,0,20200731,5,142058
1,13,2,0,20200803,1,104847
2,15,3,17,20200804,2,105709
2,14,8,18,20200804,2,113728
1,22,8,19,20200804,2,123521
2,22,3,17,20200804,2,130406
2,21,4,18,20200804,2,142628
2,12,4,16,20200804,2,151702
2,16,3,17,20200805,3,103045
1,11,3,19,20200805,3,104909
1,16,2,0,20200805,3,105429
2,3,4,15,20200805,3,112953
2,13,7,18,20200805,3,130958
1,3,7,6,20200805,3,160806
1,7,13,0,20200805,3,162057
1,19,2,0,20200805,3,164805
1,15,7,13,20200806,4,90319
1,16,2,0,20200806,4,100913
1,19,4,14,20200806,4,101108
1,13,2,0,20200806,4,101512
1,17,8,8,20200806,4,102831
1,18,2,0,20200806,4,105830
2,20,3,17,20200806,4,113914
1,14,7,7,20200806,4,115116
1,19,2,0,20200806,4,122332
2,18,8,18,20200806,4,142713
2,15,3,17,20200806,4,150841
2,3,3,15,20200806,4,154901
1,21,2,0,20200807,5,103413
2,17,3,18,20200807,5,140350
2,17,4,16,20200807,5,155436
1,16,3,4,20200807,5,160546
2,12,8,16,20200807,5,163953
2,19,8,18,20200807,5,164402
1,15,7,11,20200807,5,165011
1,14,2,0,20200810,1,92454
1,7,5,5,20200810,1,94816
2,13,3,18,20200810,1,104304
2,19,5,17,20200810,1,110306
2,12,3,18,20200810,1,122738
1,18,2,0,20200810,1,163343
2,13,8,18,20200810,1,164803
2,18,7,18,20200811,2,100549
2,3,3,18,20200811,2,110605
2,16,4,15,20200811,2,111447
2,22,8,15,20200811,2,113706
1,20,3,4,20200811,2,131937
2,18,8,18,20200811,2,161901
2,15,7,18,20200811,2,164000
1,20,2,0,20200812,3,92118
1,16,3,3,20200812,3,92714
1,12,2,0,20200812,3,95009
1,8,2,0,20200812,3,132151
1,10,3,3,20200813,4,111241
1,22,14,0,20200813,4,130439
2,16,7,18,20200813,4,132010
1,1,3,11,20200813,4,160711
2,21,3,16,20200813,4,162456
1,12,11,0,20200814,5,91220
1,2,2,0,20200814,5,111843
1,2,2,0,20200814,5,115937
1,17,2,0,20200814,5,163829
1,17,7,8,20200814,5,164047
2,19,4,15,20200814,5,164634
2,17,4,15,20200817,1,93044
1,18,4,19,20200817,1,94732
1,12,8,19,20200817,1,94824
1,2,4,8,20200817,1,95048
1,14,2,0,20200817,1,102837
1,10,2,0,20200817,1,103041
1,19,2,0,20200817,1,104008
1,12,4,14,20200817,1,120546
1,14,2,0,20200817,1,130025
1,3,2,0,20200817,1,132236
1,18,2,0,20200817,1,164903
1,17,8,8,20200818,2,94424
1,18,2,0,20200818,2,94826
2,21,7,18,20200818,2,120601
2,19,3,18,20200818,2,130102
1,19,5,4,20200818,2,142817
2,10,3,16,20200818,2,163659
1,1,2,0,20200819,3,102727
1,16,8,11,20200819,3,115446
1,13,2,0,20200819,3,120414
2,13,4,16,20200819,3,124255
1,3,7,11,20200819,3,131129
2,3,3,18,20200819,3,160839
1,12,3,19,20200819,3,163418
2,10,4,15,20200820,4,114046
1,15,2,0,20200820,4,150107
1,18,4,14,20200821,5,92230
1,21,5,6,20200821,5,111828
2,21,3,17,20200821,5,114343
1,3,3,19,20200821,5,122132
1,16,2,0,20200821,5,123924
1,12,2,0,20200821,5,131802
2,19,7,16,20200821,5,144930
2,17,3,15,20200821,5,151042
1,21,3,8,20200821,5,152421
1,15,7,13,20200821,5,152622
2,1,3,18,20200824,1,115449
2,12,7,18,20200824,1,132135
1,12,15,0,20200824,1,133448
2,12,3,18,20200824,1,143624
2,12,3,15,20200825,2,121100
1,12,11,0,20200826,3,112610
1,17,11,0,20200826,3,120629
1,2,2,0,20200826,3,163821
1,19,14,0,20200827,4,100601
1,12,2,0,20200827,4,103655
1,13,13,0,20200827,4,112648
1,6,12,0,20200827,4,113209
1,20,3,8,20200827,4,135430
2,1,8,18,20200827,4,140815
2,17,3,18,20200827,4,161004
1,20,3,8,20200828,5,113337
1,10,2,0,20200828,5,135858
1,18,3,9,20200831,1,115556
1,2,2,0,20200831,1,154639
1,21,1,0,20200804,2,185211
1,12,1,0,20200127,1,61710
1,3,1,0,20200609,2,52105
1,15,1,0,20200512,2,42956
1,17,1,0,20200403,5,190911
2,15,3,18,20200827,4,15320
1,5,1,0,20200227,4,84206
1,17,5,19,20200825,2,75506
1,18,1,0,20200831,1,185719
1,10,1,0,20200128,2,205943
1,13,1,0,20200515,5,13244
1,11,1,0,20200312,4,20409
1,11,2,0,20200316,1,20523
1,19,1,0,20200303,2,45116
1,18,2,0,20200824,1,81527
2,21,4,15,20200312,4,55352
2,19,3,16,20200618,4,20418
1,20,1,0,20200522,5,34538
1,2,1,0,20200320,5,212645
1,15,3,8,20200110,5,170927
1,18,1,0,20200731,5,181327
1,9,1,0,20200831,1,50359
1,12,3,7,20200420,1,181107
2,12,4,17,20200803,1,80917
1,6,1,0,20200128,2,40613
1,13,4,19,20200615,1,215807
2,18,8,16,20200813,4,184123
1,3,4,3,20200713,1,82638
1,2,2,0,20200701,3,202359
1,6,3,3,20200522,5,220624
1,16,1,0,20200630,2,180656
1,14,1,0,20200526,2,4213
1,12,2,0,20200610,3,215619
2,18,7,15,20200825,2,24742
1,14,4,19,20200128,2,1443
1,15,4,8,20200609,2,202659
1,11,1,0,20200429,3,22257
1,12,1,0,20200120,1,41450
1,12,2,0,20200622,1,230508
1,13,8,11,20200115,3,225917
1,15,4,8,20200819,3,180458
1,11,12,0,20200505,2,222350
1,17,5,7,20200724,5,2310
1,22,1,0,20200729,3,30627
1,1,1,0,20200826,3,21935
2,20,4,18,20200102,4,51154
2,20,3,17,20200204,2,31221
1,10,13,0,20200113,1,192218
1,22,2,0,20200224,1,21938
1,16,3,4,20200605,5,195152
2,20,8,18,20200129,3,172736
1,16,2,0,20200813,4,33351
1,10,13,0,20200409,4,230833
1,4,1,0,20200429,3,22310
1,16,1,0,20200615,1,175025
1,1,2,0,20200331,2,230304
2,20,7,18,20200514,4,64543
1,16,4,12,20200831,1,62919
1,3,3,14,20200427,1,3604
1,22,1,0,20200714,2,233428
2,18,7,16,20200416,4,234833
2,20,7,18,20200103,5,174948
2,20,8,18,20200724,5,55326
2,18,7,16,20200707,2,174345
1,3,2,0,20200320,5,14824
1,11,15,0,20200821,5,53526
1,10,2,0,20200623,2,213414
1,2,1,0,20200724,5,63854
1,17,2,0,20200608,1,61701
2,18,4,16,20200319,4,234711
2,13,8,18,20200721,2,194209
1,13,4,11,20200716,4,55342
1,19,2,0,20200403,5,65158
2,20,7,18,20200212,3,191636
1,19,1,0,20200310,2,211655
1,3,1,0,20200227,4,83040
2,18,7,16,20200511,1,232944
2,18,3,15,20200306,5,13558
2,19,3,17,20200519,2,224417
1,12,1,0,20200828,5,184555
1,14,3,11,20200420,1,184331
2,12,3,17,20200522,5,13550
1,16,8,12,20200117,5,70853
2,20,4,18,20200703,5,170445
2,22,4,15,20200228,5,64331
1,17,1,0,20200623,2,171537
1,16,8,14,20200312,4,3437
1,19,2,0,20200603,3,233544
1,16,7,14,20200619,5,32844
1,20,2,0,20200203,1,204755
1,17,5,1,20200407,2,175939
1,4,2,0,20200520,3,62519
1,20,1,0,20200123,4,41502
1,16,4,13,20200221,5,24843
1,10,1,0,20200416,4,195344
1,10,15,0,20200408,3,205650
1,14,8,19,20200210,1,55659
1,17,2,0,20200406,1,200527
1,16,8,14,20200717,5,190922
1,17,1,0,20200417,5,33125
2,22,4,15,20200114,2,5612
1,19,1,0,20200512,2,80710
2,20,3,17,20200130,4,20335
2,19,3,18,20200630,2,81703
1,17,5,13,20200814,5,211343
1,16,2,0,20200221,5,33321
1,18,2,0,20200429,3,225259
1,16,1,0,20200101,3,172114
1,18,1,0,20200609,2,44316
1,16,4,13,20200227,4,230813
2,20,4,18,20200429,3,180251
1,3,3,10,20200814,5,223517
1,16,3,14,20200803,1,181418
2,21,3,15,20200730,4,85948
1,3,8,9,20200122,3,4204
1,12,2,0,20200206,4,1136
2,18,4,15,20200414,2,65611
1,4,1,0,20200214,5,210010
2,20,4,18,20200619,5,174536
1,16,8,14,20200319,4,20421
1,21,2,0,20200825,2,223847
1,18,2,0,20200116,4,64951
1,18,1,0,20200817,1,85317
2,18,4,16,20200115,3,183937
1,15,8,8,20200102,4,170053
1,16,7,14,20200113,1,185204
1,12,1,0,20200728,2,32555
1,10,13,0,20200715,3,50912
1,6,2,0,20200107,2,3506
2,18,7,16,20200612,5,75429
1,4,3,3,20200211,2,2256
1,17,2,0,20200609,2,180134
2,20,4,18,20200515,5,232009
2,22,4,15,20200618,4,231710
2,18,4,16,20200424,5,70754
1,9,2,0,20200423,4,232607
1,18,2,0,20200214,5,25923
1,10,11,0,20200107,2,205341
1,19,2,0,20200207,5,55052
1,16,2,0,20200813,4,183100
2,14,3,15,20200219,3,42740
1,12,2,0,20200309,1,10144
1,19,1,0,20200206,4,193952
2,20,3,18,20200715,3,171239
1,11,11,0,20200204,2,32534
1,10,15,0,20200304,3,183453
1,15,2,0,20200117,5,84049
1,11,14,0,20200401,3,52446
1,19,2,0,20200529,5,81125
1,15,1,0,20200525,1,13210
1,18,1,0,20200515,5,45641
1,14,7,11,20200629,1,222616
1,12,1,0,20200731,5,32205
2,18,7,15,20200423,4,24855
1,6,1,0,20200116,4,44253
1,15,7,8,20200701,3,224904
1,3,7,10,20200811,2,74631
1,17,1,0,20200310,2,233158
1,13,2,0,20200511,1,190137
1,15,4,8,20200316,1,1513
2,18,3,15,20200610,3,214315
1,16,1,0,20200311,3,220806
2,18,3,15,20200512,2,53012
1,17,2,0,20200427,1,21009
2,18,4,15,20200603,3,81553
2,20,8,18,20200317,2,11959
2,18,3,16,20200611,4,41416
2,15,3,18,20200217,1,1339
1,9,1,0,20200819,3,23030
2,18,8,15,20200828,5,225735
1,5,2,0,20200527,3,15258
1,12,2,0,20200424,5,52451
1,17,1,0,20200320,5,34035
1,11,13,0,20200401,3,30030
1,12,1,0,20200825,2,71915
1,15,2,0,20200228,5,221516
2,20,8,18,20200720,1,55407
1,15,1,0,20200831,1,210208
1,16,3,12,20200716,4,10230
1,12,2,0,20200324,2,184056
2,20,3,16,20200831,1,65239
1,12,1,0,20200103,5,72940
1,19,1,0,20200107,2,195919
2,20,3,18,20200713,1,182649
1,19,3,19,20200312,4,51504
2,18,7,16,20200318,3,22455
1,2,3,12,20200624,3,203842
1,5,1,0,20200529,5,52015
1,3,4,11,20200409,4,200739
1,17,5,19,20200207,5,234441
1,16,4,13,20200305,4,64813
2,20,4,18,20200807,5,211817
2,20,3,18,20200706,1,31703
2,20,4,18,20200227,4,15435
1,1,1,0,20200714,2,195827
1,18,2,0,20200817,1,220821
1,17,5,19,20200402,4,193707
1,21,1,0,20200313,5,201537
1,10,14,0,20200513,3,81858
2,20,3,18,20200102,4,33921
1,10,14,0,20200424,5,64749
1,11,14,0,20200511,1,203352
1,18,1,0,20200630,2,145
1,16,8,14,20200410,5,200219
1,13,1,0,20200504,1,233340
1,15,4,8,20200225,2,50322
1,12,3,6,20200324,2,83604
1,10,14,0,20200108,3,75439
1,8,1,0,20200129,3,52629
2,18,8,15,20200521,4,183157
1,11,12,0,20200701,3,230547
1,8,3,3,20200212,3,85919
1,15,2,0,20200402,4,30206
1,13,4,19,20200817,1,4047
1,2,4,9,20200323,1,192134
2,20,4,18,20200710,5,25132
1,16,8,14,20200507,4,74217
2,21,4,15,20200204,2,224620
2,18,4,15,20200219,3,5237
2,18,8,15,20200416,4,180927
1,15,1,0,20200401,3,210418
1,17,2,0,20200124,5,55922
2,13,4,18,20200724,5,231838
1,18,2,0,20200317,2,225305
1,12,2,0,20200410,5,23038
1,21,2,0,20200619,5,60212
2,20,3,18,20200323,1,21027
1,7,1,0,20200608,1,214115
1,17,1,0,20200421,2,82554
1,13,8,19,20200228,5,224555
1,11,13,0,20200806,4,32216
1,12,1,0,20200617,3,53617
1,10,13,0,20200819,3,185048
1,16,4,12,20200724,5,61830
1,13,7,11,20200528,4,80833
1,17,2,0,20200219,3,182428
1,11,11,0,20200114,2,195649
1,11,14,0,20200210,1,172855
1,15,8,8,20200422,3,70933
1,14,8,19,20200602,2,42000
1,22,2,0,20200723,4,234700
2,19,3,18,20200207,5,62026
1,17,1,0,20200402,4,233848
1,14,7,19,20200219,3,40827
1,17,2,0,20200217,1,32304
1,8,3,4,20200212,3,181907
1,19,3,19,20200317,2,203857
1,21,1,0,20200203,1,1234
2,19,3,18,20200211,2,10525
1,11,13,0,20200521,4,233116
2,21,4,15,20200424,5,175207
1,4,3,4,20200515,5,61505
1,22,1,0,20200410,5,200658
1,2,2,0,20200504,1,1035
2,12,8,17,20200109,4,221146
1,19,2,0,20200708,3,53805
1,20,2,0,20200828,5,42528
1,13,8,19,20200723,4,231406
1,15,4,8,20200716,4,210840
2,22,3,15,20200114,2,80403
1,19,1,0,20200409,4,50631
1,10,2,0,20200713,1,70730
1,17,1,0,20200407,2,194252
1,8,2,0,20200417,5,85342
1,17,2,0,20200211,2,25409
1,6,3,3,20200602,2,180353
1,18,1,0,20200305,4,221823
2,19,3,16,20200611,4,53539
1,15,7,8,20200224,1,212317
1,20,1,0,20200226,3,80832
1,11,12,0,20200507,4,1843
1,16,3,4,20200114,2,234428
2,18,7,15,20200527,3,34522
1,12,4,5,20200408,3,63235
2,22,3,15,20200120,1,24627
2,19,3,16,20200403,5,221717
2,12,4,17,20200122,3,1531
1,19,2,0,20200519,2,2100
1,14,2,0,20200228,5,230427
1,12,7,7,20200513,3,33052
1,17,1,0,20200819,3,55743
1,1,2,0,20200708,3,234141
1,19,1,0,20200708,3,230839
1,13,8,11,20200513,3,44919
1,2,1,0,20200116,4,10225
1,16,4,13,20200124,5,41041
1,7,2,0,20200219,3,50523
2,12,7,17,20200811,2,202334
1,13,4,19,20200622,1,32223
1,3,2,0,20200203,1,21846
2,20,8,18,20200430,4,215003
1,19,3,19,20200408,3,213611
1,5,2,0,20200318,3,200137
1,16,7,13,20200117,5,210859
1,4,2,0,20200715,3,35953
1,10,1,0,20200110,5,52444
1,2,2,0,20200305,4,31118
1,19,2,0,20200702,4,85630
2,13,8,18,20200507,4,4733
1,2,1,0,20200528,4,5723
1,10,15,0,20200421,2,191537
2,17,5,18,20200706,1,191853
1,15,2,0,20200107,2,41257
1,19,1,0,20200416,4,234127
1,15,1,0,20200817,1,224901
1,16,7,14,20200212,3,44204
1,17,2,0,20200610,3,52651
2,20,4,18,20200316,1,192158
1,14,1,0,20200714,2,3433
1,17,1,0,20200408,3,63738
1,14,4,19,20200113,1,51723
2,13,3,15,20200324,2,235849
1,9,3,3,20200709,4,42837
1,17,2,0,20200303,2,180349
1,8,1,0,20200224,1,234312
1,7,1,0,20200427,1,15106
1,14,2,0,20200423,4,204857
1,17,1,0,20200122,3,83954
1,17,5,19,20200714,2,52736
1,4,1,0,20200511,1,73813
1,12,8,1,20200317,2,31417
2,21,4,15,20200408,3,1940
1,12,2,0,20200511,1,45835
2,20,3,16,20200114,2,3332
1,7,3,4,20200423,4,174202
2,20,4,18,20200226,3,20907
1,9,2,0,20200110,5,24727
1,2,3,9,20200406,1,757
1,17,2,0,20200424,5,40103
1,10,11,0,20200122,3,204554
1,4,3,3,20200723,4,15202
1,10,13,0,20200508,5,233654
1,14,1,0,20200320,5,231834
1,19,2,0,20200429,3,81842
1,7,3,3,20200626,5,55010
1,16,4,14,20200618,4,65217
2,14,7,18,20200225,2,235931
1,1,1,0,20200205,3,50805
1,13,8,11,20200626,5,4408
1,15,8,8,20200415,3,182149
1,2,7,10,20200324,2,61821
1,19,1,0,20200615,1,234235
1,16,3,8,20200120,1,43941
1,15,4,8,20200629,1,180113
1,13,7,11,20200325,3,74953
1,12,1,0,20200630,2,54313
2,18,8,16,20200803,1,230947
2,13,8,18,20200310,2,72019
1,15,2,0,20200710,5,20434
1,16,2,0,20200214,5,202844
2,21,3,18,20200828,5,80806
1,15,1,0,20200130,4,174728
2,21,4,15,20200312,4,14606
1,15,3,8,20200303,2,225225
1,12,3,7,20200804,2,220714
2,22,3,18,20200305,4,63645
1,17,1,0,20200319,4,214731
2,22,4,15,20200220,4,85427
2,20,3,17,20200103,5,202901
1,10,13,0,20200415,3,72721
1,15,8,8,20200327,5,21011
2,19,3,17,20200722,3,194510
2,15,3,18,20200317,2,32111
1,4,2,0,20200424,5,62147
2,14,3,17,20200716,4,235613
2,20,4,18,20200504,1,70716
1,19,2,0,20200625,4,172927
1,1,3,19,20200413,1,43026
1,3,1,0,20200226,3,233526
1,15,3,8,20200813,4,212354
1,12,7,2,20200514,4,41244
1,15,8,8,20200110,5,5202
1,15,7,8,20200401,3,40747
1,17,2,0,20200409,4,205539
1,1,7,10,20200324,2,33323
1,11,11,0,20200224,1,213224
1,16,1,0,20200304,3,81039
1,12,4,2,20200810,1,75504
1,16,7,13,20200826,3,22853
1,15,2,0,20200116,4,25945
1,12,3,6,20200402,4,73530
1,21,2,0,20200604,4,25551
1,15,1,0,20200309,1,1114
1,10,15,0,20200317,2,24046
1,22,2,0,20200103,5,5211
1,22,1,0,20200128,2,13922
1,15,8,8,20200824,1,83635
1,1,3,10,20200515,5,172621
1,18,2,0,20200629,1,64502
1,19,1,0,20200424,5,55034
2,20,3,16,20200402,4,80057
1,21,1,0,20200127,1,50117
2,13,7,18,20200212,3,173851
1,1,4,12,20200316,1,24924
1,15,3,8,20200326,4,191649
1,15,2,0,20200811,2,212918
1,21,2,0,20200803,1,72335
1,17,1,0,20200619,5,62359
1,16,3,4,20200727,1,231209
1,7,2,0,20200320,5,20034
1,6,3,3,20200608,1,24819
1,11,14,0,20200313,5,232637
1,15,1,0,20200526,2,33
1,10,15,0,20200402,4,232122
1,21,1,0,20200218,2,42124
1,16,4,12,20200220,4,215219
1,18,1,0,20200106,1,20953
2,18,8,16,20200731,5,65728
2,13,8,18,20200309,1,5229
2,21,3,18,20200108,3,203504
2,20,4,18,20200729,3,34550
1,3,7,10,20200331,2,170545
1,19,2,0,20200413,1,24352
2,20,7,18,20200319,4,50837
2,18,3,15,20200630,2,11409
1,19,1,0,20200603,3,4802
1,20,2,0,20200128,2,20038
1,17,5,7,20200609,2,70343
1,11,14,0,20200309,1,24322
1,17,5,14,20200326,4,30340
1,19,2,0,20200127,1,45750
2,17,5,15,20200730,4,20801
1,20,1,0,20200703,5,75008
2,20,4,18,20200604,4,40910
2,12,3,17,20200528,4,182830
1,14,2,0,20200323,1,24111
1,17,5,10,20200604,4,235503
1,2,4,10,20200130,4,65642
1,16,2,0,20200622,1,921
1,17,5,4,20200427,1,174701
1,8,2,0,20200302,1,20349
1,8,1,0,20200415,3,211258
2,18,3,16,20200430,4,82729
1,19,1,0,20200302,1,54652
1,1,3,19,20200330,1,23515
2,17,5,16,20200702,4,83931
2,19,3,18,20200630,2,170633
2,20,3,18,20200311,3,20916
1,22,2,0,20200103,5,34801
2,15,3,18,20200204,2,201247
2,18,7,15,20200310,2,22100
1,6,3,4,20200227,4,172740
1,15,2,0,20200619,5,84550
1,3,3,10,20200205,3,71540
1,2,3,3,20200615,1,170527
1,10,11,0,20200415,3,175151
1,12,3,7,20200701,3,222541
2,20,7,18,20200121,2,202503
1,1,3,10,20200817,1,205004
1,20,2,0,20200423,4,24419
1,16,1,0,20200331,2,195021
1,17,2,0,20200219,3,203130
1,16,8,13,20200603,3,204252
1,20,1,0,20200505,2,45744
1,16,8,10,20200313,5,43854
1,17,1,0,20200205,3,173713
2,18,4,16,20200204,2,220912
1,6,2,0,20200618,4,191520
1,14,1,0,20200106,1,2236
1,12,7,1,20200427,1,51402
1,15,1,0,20200205,3,5104
1,3,3,19,20200624,3,2111
1,15,3,8,20200528,4,30914
1,13,4,11,20200604,4,23633
1,11,2,0,20200228,5,34121
1,10,2,0,20200207,5,34940
1,13,2,0,20200107,2,231401
1,19,2,0,20200721,2,190933
1,13,1,0,20200709,4,170206
1,18,2,0,20200724,5,62040
1,18,1,0,20200716,4,10137
1,22,1,0,20200522,5,183321
1,11,1,0,20200528,4,174835
1,16,4,10,20200723,4,203126
1,19,1,0,20200714,2,205057
1,13,7,11,20200722,3,52906
1,16,4,14,20200622,1,232359
2,18,4,16,20200518,1,85240
1,16,4,13,20200317,2,310
1,16,4,12,20200422,3,2321
2,18,7,15,20200313,5,171021
2,22,4,15,20200420,1,23246
1,18,2,0,20200326,4,183431
1,17,2,0,20200506,3,32600
1,11,12,0,20200826,3,51837
1,16,8,13,20200103,5,181855
2,20,4,18,20200403,5,190914
2,19,3,18,20200526,2,204844
1,16,4,13,20200124,5,74707
1,10,1,0,20200817,1,13002
1,12,8,5,20200101,3,71015
1,4,1,0,20200604,4,171931
2,22,3,15,20200608,1,234246
1,15,4,8,20200310,2,85634
1,16,8,10,20200210,1,55914
1,12,7,7,20200826,3,220242
1,19,3,19,20200714,2,183628
1,15,4,8,20200507,4,10602
1,5,1,0,20200603,3,75306
2,21,4,15,20200228,5,224302
1,1,7,4,20200705,7,90700
1,17,1,0,20200801,6,92752
1,21,2,0,20200202,7,132027
1,19,2,0,20200718,6,162022
1,16,2,0,20200321,6,105441
1,18,1,0,20200322,7,92226
1,10,2,0,20200711,6,113145
2,22,4,15,20200405,7,125516
1,11,14,0,20200321,6,135529
1,17,5,2,20200808,6,162703
1,18,2,0,20200229,6,154437
1,2,8,4,20200418,6,115130
1,6,1,0,20200802,7,112821
1,21,1,0,20200315,7,114939
1,21,2,0,20200216,7,114757
1,21,1,0,20200222,6,132630
1,18,1,0,20200613,6,132531
1,16,1,0,20200405,7,161701
1,17,2,0,20200621,7,133438
2,18,3,15,20200516,6,111843
2,20,8,18,20200704,6,141237
2,18,3,16,20200614,7,155539
1,21,2,0,20200411,6,140530
2,20,4,18,20200125,6,104135
1,3,7,10,20200209,7,130456
2,20,4,18,20200613,6,124924
2,20,7,18,20200126,7,104058
1,19,1,0,20200822,6,105814
1,19,2,0,20200523,6,124412
1,10,1,0,20200510,7,162402
2,13,3,16,20200119,7,123343
2,22,3,15,20200502,6,110648
1,12,8,2,20200718,6,145416
1,12,7,5,20200718,6,154818
1,19,1,0,20200112,7,134439
1,11,11,0,20200509,6,121209
1,16,4,12,20200613,6,121434
2,20,3,16,20200104,6,91704
1,15,8,8,20200628,7,110452
2,19,3,16,20200503,7,150200
1,16,8,14,20200105,7,153054
1,11,2,0,20200126,7,150955
1,1,8,4,20200509,6,124432
1,11,1,0,20200830,7,143638
1,21,1,0,20200202,7,110709
1,8,2,0,20200627,6,164844
1,17,1,0,20200314,6,134701
1,17,5,3,20200712,7,143725
1,10,11,0,20200104,6,94008
1,2,7,3,20200808,6,162435
1,1,2,0,20200104,6,112433
2,18,3,16,20200315,7,153515
2,21,3,18,20200829,6,122720
2,19,3,18,20200329,7,130530
1,14,3,19,20200808,6,141308
1,15,3,8,20200607,7,113221
2,18,7,15,20200208,6,133020
1,17,2,0,20200202,7,115004
1,16,4,13,20200426,7,134135
1,11,15,0,20200105,7,145938
2,22,3,15,20200523,6,162036
2,20,3,17,20200606,6,104327
1,15,2,0,20200719,7,101152
1,14,7,19,20200412,7,102539
1,5,3,4,20200531,7,105242
2,21,3,18,20200208,6,163339
1,16,7,12,20200823,7,125621
1,14,8,19,20200229,6,164100
1,3,4,4,20200125,6,94503
1,12,7,6,20200328,6,95703
1,12,3,1,20200823,7,164921
1,12,7,5,20200502,6,132921
1,20,2,0,20200711,6,161356
1,2,4,12,20200412,7,114754
1,15,1,0,20200829,6,140016
2,18,4,15,20200314,6,94314
1,3,2,0,20200531,7,93525
2,22,4,15,20200816,7,155710
1,22,2,0,20200208,6,95352
2,21,4,15,20200606,6,123711
1,15,3,8,20200829,6,125002
2,18,7,16,20200222,6,123738
1,5,3,4,20200815,6,135237
1,11,14,0,20200208,6,120846
1,20,1,0,20200510,7,151851
1,22,1,0,20200509,6,162527
2,18,3,15,20200425,6,155016
1,15,7,8,20200620,6,135013
1,11,12,0,20200405,7,132258
2,21,4,15,20200829,6,114217
1,3,1,0,20200523,6,163404
2,14,3,17,20200524,7,163919
1,12,7,6,20200105,7,132957
2,20,3,17,20200815,6,111539
2,22,4,15,20200418,6,101515
1,5,3,3,20200613,6,145300
1,19,2,0,20200425,6,142608
1,16,7,14,20200426,7,132045
1,11,12,0,20200726,7,131407
1,9,1,0,20200628,7,95534
1,17,1,0,20200801,6,132324
1,3,3,12,20200830,7,112201
1,10,15,0,20200613,6,125750
2,20,7,18,20200613,6,142507
2,21,4,15,20200829,6,112238
1,20,2,0,20200614,7,92536
1,17,5,10,20200425,6,120855
1,10,14,0,20200322,7,160313
1,17,2,0,20200531,7,91219
1,20,1,0,20200223,7,101144
1,19,1,0,20200322,7,155211
1,17,1,0,20200830,7,114458
1,9,2,0,20200426,7,122534
1,17,5,2,20200627,6,145607
1,15,7,8,20200524,7,104147
1,16,2,0,20200516,6,164659
1,15,4,8,20200321,6,105148
1,16,1,0,20200418,6,95730
1,7,1,0,20200801,6,93429
1,3,7,4,20200208,6,95956
1,16,3,11,20200405,7,143012
1,19,2,0,20200104,6,115229
1,10,13,0,20200322,7,141738
2,20,7,18,20200829,6,143746
1,4,2,0,20200801,6,132813
2,18,4,16,20200118,6,135625
1,15,7,8,20200704,6,151805
1,8,1,0,20200104,6,92548
1,4,1,0,20200301,7,152722
1,22,2,0,20200308,7,92214
1,11,11,0,20200823,7,143559
2,18,8,15,20200201,6,151222
1,19,1,0,20200322,7,152434
1,14,2,0,20200627,6,93431
1,15,4,8,20200307,6,164702
2,12,8,17,20200516,6,105824
1,4,3,4,20200711,6,155138
2,20,8,18,20200222,6,104221
1,2,7,9,20200418,6,115252
2,18,8,15,20200725,6,103806
2,18,8,16,20200105,7,104728
1,22,1,0,20200125,6,93447
1,10,11,0,20200209,7,105955
1,15,4,8,20200329,7,121252
1,12,2,0,20200613,6,91522
1,1,1,0,20200823,7,92034
1,18,2,0,20200223,7,124313
1,1,2,0,20200223,7,90243
2,20,3,18,20200516,6,163651
1,2,3,13,20200329,7,90743
1,14,1,0,20200118,6,120938
2,22,4,15,20200208,6,163722
1,19,2,0,20200509,6,151454
1,11,13,0,20200404,6,164126
1,15,2,0,20200301,7,165621
1,14,3,11,20200530,6,130209
1,16,8,14,20200216,7,90418
1,16,2,0,20200510,7,142207
1,1,1,0,20200419,7,155342
1,3,3,4,20200229,6,134114
1,19,1,0,20200822,6,145553
1,18,1,0,20200111,6,165752
1,14,4,19,20200215,6,134521
1,18,2,0,20200816,7,143233
1,18,1,0,20200718,6,133755
1,2,4,10,20200208,6,91343
1,22,2,0,20200607,7,102112
1,16,1,0,20200322,7,102125
1,19,2,0,20200104,6,142104
1,11,13,0,20200726,7,130032
1,16,3,13,20200301,7,135826
1,3,4,10,20200111,6,141356
1,13,2,0,20200808,6,102655
1,12,1,0,20200726,7,162657
1,19,1,0,20200704,6,95710
1,2,8,3,20200705,7,141020
1,6,2,0,20200118,6,113005
1,14,2,0,20200613,6,110306
1,10,15,0,20200223,7,164719
1,15,1,0,20200704,6,125142
1,16,8,12,20200607,7,160331
1,12,4,1,20200426,7,102528
1,11,14,0,20200418,6,90054
1,3,8,3,20200202,7,164534
1,8,3,3,20200329,7,152354
1,6,1,0,20200322,7,134724
1,1,7,3,20200613,6,104640
2,20,8,18,20200718,6,95740
1,11,11,0,20200725,6,94003
2,17,5,17,20200201,6,112339
1,15,7,8,20200510,7,162613
1,12,2,0,20200606,6,115839
1,16,2,0,20200621,7,105521
1,19,2,0,20200725,6,91951
1,15,3,8,20200223,7,151309
1,16,1,0,20200216,7,131413
1,8,3,4,20200606,6,134400
1,19,1,0,20200321,6,121445
1,7,2,0,20200201,6,120014
1,21,2,0,20200112,7,100353
1,4,2,0,20200614,7,114026
1,2,2,0,20200118,6,121647
1,12,1,0,20200111,6,122018
1,5,3,3,20200809,7,100624
1,7,1,0,20200523,6,93909
1,21,1,0,20200202,7,115503
1,16,4,12,20200426,7,144622
1,12,4,1,20200209,7,144955
1,15,2,0,20200607,7,101025
1,2,1,0,20200412,7,115347
1,16,3,19,20200516,6,93317
2,17,5,16,20200606,6,123940
2,19,3,18,20200830,7,100332
1,19,2,0,20200329,7,141653
2,21,4,15,20200606,6,151054
1,17,2,0,20200111,6,92551
1,21,2,0,20200119,7,124210
1,19,1,0,20200322,7,121426
1,21,1,0,20200229,6,123447
1,22,1,0,20200621,7,123106
1,17,1,0,20200426,7,142205
1,13,1,0,20200222,6,155440
1,10,13,0,20200808,6,113547
1,14,1,0,20200704,6,122111
1,17,2,0,20200222,6,114357
1,19,3,19,20200830,7,151557
1,15,1,0,20200104,6,113548
1,21,2,0,20200321,6,105048
2,18,8,15,20200118,6,111213
1,16,3,11,20200426,7,151140
1,20,2,0,20200314,6,125244
1,20,1,0,20200104,6,163420
1,3,3,13,20200328,6,114804
1,12,8,2,20200119,7,145958
2,20,3,16,20200418,6,102513
1,16,8,14,20200315,7,162248
1,18,2,0,20200215,6,153421
1,9,1,0,20200412,7,91701
1,16,8,14,20200321,6,120016
1,15,2,0,20200223,7,105810
1,11,2,0,20200425,6,164740
1,14,8,11,20200104,6,153424
1,3,8,3,20200705,7,100038
2,19,3,17,20200216,7,94534
1,22,2,0,20200315,7,90605
1,15,1,0,20200627,6,134841
1,15,8,8,20200711,6,110614
1,19,2,0,20200208,6,92053
1,17,1,0,20200419,7,95908
1,7,2,0,20200125,6,93551
1,12,7,2,20200726,7,165743
1,12,2,0,20200315,7,141039
1,14,2,0,20200509,6,110410
1,16,2,0,20200314,6,163557
1,12,1,0,20200809,7,90731
1,21,1,0,20200829,6,92607
2,13,3,18,20200119,7,140348
1,10,14,0,20200307,6,152018
1,4,1,0,20200104,6,152724
1,20,2,0,20200118,6,154639
1,17,2,0,20200208,6,160514
2,2,4,16,20200322,7,130145
1,15,2,0,20200830,7,152556
1,21,2,0,20200503,7,132527
1,19,1,0,20200315,7,95407
1,11,1,0,20200426,7,164940
1,12,3,5,20200126,7,115409
1,2,2,0,20200815,6,104845
1,16,1,0,20200628,7,151142
1,18,1,0,20200308,7,160829
1,20,1,0,20200718,6,94743
1,1,3,4,20200628,7,134841
1,5,3,3,20200404,6,130313
1,17,1,0,20200307,6,113614
2,18,8,16,20200704,6,103935
1,7,1,0,20200105,7,100149
1,11,15,0,20200628,7,101338
2,20,3,18,20200208,6,133235
1,10,13,0,20200620,6,134330
2,20,3,17,20200613,6,153800
1,9,3,4,20200517,7,133229
1,17,5,19,20200607,7,105222
1,10,15,0,20200328,6,105621
1,21,1,0,20200411,6,135448
1,10,14,0,20200216,7,100633
1,12,3,2,20200322,7,125714
1,16,8,14,20200223,7,93621
2,18,8,15,20200329,7,95221
2,21,3,18,20200711,6,90019
1,10,12,0,20200726,7,135421
1,14,1,0,20200328,6,92820
1,19,2,0,20200222,6,145042
2,13,4,18,20200822,6,155104
1,6,3,3,20200621,7,123001
1,14,2,0,20200321,6,142103
1,11,2,0,20200711,6,150351
1,2,1,0,20200229,6,160718
2,21,4,15,20200119,7,122935
1,17,2,0,20200322,7,104711
1,19,1,0,20200613,6,103348
1,22,1,0,20200125,6,154657
1,16,7,14,20200725,6,100757
2,18,3,16,20200509,6,142639
1,17,1,0,20200524,7,142509
1,12,4,2,20200412,7,111053
1,17,5,9,20200830,7,122927
2,20,7,18,20200627,6,140907
2,20,3,17,20200705,7,151042
1,17,2,0,20200215,6,112722
1,12,2,0,20200628,7,94535
1,12,1,0,20200329,7,131136
1,11,1,0,20200301,7,125303
1,12,4,6,20200816,7,103334
1,17,1,0,20200808,6,90028
2,20,7,18,20200201,6,151949
2,20,7,18,20200503,7,115653
1,15,1,0,20200222,6,105107
1,4,3,3,20200614,7,141449
1,22,2,0,20200620,6,94744
1,3,8,4,20200705,7,125507
1,15,7,8,20200607,7,92401
1,15,7,8,20200711,6,123207
1,14,1,0,20200815,6,155757
1,21,2,0,20200726,7,123307
1,12,3,7,20200425,6,154627
1,12,2,0,20200809,7,123917
1,17,5,12,20200725,6,165919
2,17,5,17,20200315,7,125326
1,18,2,0,20200823,7,93305
1,18,1,0,20200719,7,165342
1,17,2,0,20200201,6,144224
1,13,4,11,20200530,6,104157
1,5,2,0,20200712,7,163739
1,14,2,0,20200705,7,100251
1,15,7,8,20200815,6,121325
1,19,2,0,20200830,7,133110
1,16,4,14,20200517,7,93815
1,10,2,0,20200620,6,161420
1,12,1,0,20200315,7,94810
1,16,4,14,20200607,7,122238
1,17,1,0,20200704,6,141658
1,21,1,0,20200202,7,100419
1,4,2,0,20200321,6,123802
2,18,3,16,20200314,6,100719
1,14,1,0,20200712,7,130606
1,16,2,0,20200208,6,124550
1,16,1,0,20200222,6,154359
1,22,1,0,20200112,7,160346
2,20,3,18,20200307,6,101144
1,22,2,0,20200510,7,134244
1,3,8,4,20200209,7,165250
1,21,2,0,20200229,6,123246
1,22,1,0,20200112,7,113940
1,13,4,11,20200105,7,90706
1,19,1,0,20200222,6,160031
1,17,2,0,20200523,6,101917
1,13,8,11,20200614,7,113444
2,20,8,18,20200712,7,165536
2,20,3,18,20200105,7,153301
1,17,1,0,20200802,7,104113
2,20,8,18,20200426,7,142305
1,10,1,0,20200705,7,120924
1,2,7,3,20200229,6,162546
2,18,8,15,20200411,6,142948
1,17,5,3,20200209,7,133711
1,17,2,0,20200425,6,104556
2,20,8,18,20200725,6,102006
1,21,1,0,20200613,6,144959
1,15,4,8,20200215,6,144523
1,15,7,8,20200829,6,140731
1,18,2,0,20200725,6,122419
1,14,2,0,20200726,7,163109
2,22,4,15,20200125,6,114932
1,11,12,0,20200628,7,143741
2,21,4,15,20200419,7,144922
1,19,2,0,20200523,6,153133
1,18,1,0,20200523,6,132057
1,17,1,0,20200725,6,124150
1,19,1,0,20200216,7,142441
1,1,4,10,20200823,7,150809
1,14,1,0,20200216,7,152927
1,12,8,2,20200620,6,115243
2,13,8,18,20200215,6,162227
1,6,2,0,20200510,7,162549
1,13,2,0,20200201,6,160345
1,10,14,0,20200816,7,130033
2,17,5,17,20200816,7,95320
2,20,3,18,20200418,6,122355
1,15,2,0,20200314,6,91908
1,8,3,4,20200829,6,112818
2,18,3,15,20200329,7,125729
1,14,2,0,20200816,7,154245
1,2,3,11,20200606,6,105543
1,1,8,9,20200308,7,114832
1,12,7,5,20200801,6,134909
1,10,13,0,20200419,7,145655
1,16,7,12,20200502,6,153849
1,7,2,0,20200726,7,133531
1,5,1,0,20200621,7,133524
1,18,2,0,20200516,6,144946
1,16,3,10,20200426,7,115836
1,17,2,0,20200412,7,154842
1,12,3,7,20200418,6,92905
1,12,2,0,20200216,7,143838
1,16,3,3,20200802,7,143151
1,17,1,0,20200712,7,135204
1,4,1,0,20200425,6,110411
1,15,1,0,20200509,6,134431
1,18,1,0,20200126,7,123749
2,15,3,18,20200822,6,132015
1,12,1,0,20200524,7,165105
1,12,2,0,20200705,7,143145
1,12,1,0,20200829,6,111934
1,19,2,0,20200613,6,122317
1,20,2,0,20200523,6,90915
1,12,8,6,20200426,7,113022
1,6,1,0,20200822,6,150918
1,1,7,10,20200523,6,145426
1,16,4,10,20200411,6,142439
1,12,2,0,20200510,7,162942
1,15,3,8,20200705,7,105701
1,19,1,0,20200719,7,102256
2,18,8,15,20200808,6,93719
1,9,2,0,20200322,7,94815
1,16,7,13,20200425,6,114131
1,16,3,12,20200816,7,122631
2,21,3,15,20200126,7,134107
1,11,12,0,20200531,7,104903
1,18,2,0,20200502,6,141804
1,18,1,0,20200119,7,144618
1,11,13,0,20200202,7,161406
2,18,7,15,20200322,7,93303
1,20,1,0,20200808,6,131719
1,15,2,0,20200328,6,90455
1,2,7,4,20200118,6,123012
1,8,2,0,20200823,7,122912
1,15,1,0,20200209,7,142647
1,17,5,7,20200419,7,164617
1,6,2,0,20200823,7,93934
2,20,8,18,20200621,7,121517
2,22,3,18,20200502,6,142825
1,19,2,0,20200328,6,103914
1,19,1,0,20200801,6,162309
1,19,3,19,20200229,6,121056
1,15,8,8,20200628,7,151920
2,18,8,15,20200202,7,92319
1,17,5,9,20200607,7,155312
1,12,1,0,20200718,6,111033
2,19,3,18,20200628,7,90410
1,15,3,8,20200126,7,144759
1,17,2,0,20200509,6,130627
2,19,3,17,20200502,6,101509
2,12,8,17,20200426,7,121606
1,2,2,0,20200419,7,140703
1,1,7,9,20200621,7,100812
1,13,1,0,20200705,7,94942
1,15,8,8,20200822,6,123618
1,2,1,0,20200216,7,150708
1,10,15,0,20200329,7,115334
1,12,4,5,20200726,7,113536
1,6,1,0,20200308,7,143658
2,20,3,16,20200718,6,151820
1,1,7,3,20200307,6,94740
2,20,7,18,20200725,6,95500
1,11,2,0,20200510,7,160907
1,16,8,13,20200314,6,122807
1,19,2,0,20200118,6,153342
2,18,4,15,20200215,6,140105
1,3,4,3,20200118,6,94156
1,1,7,10,20200606,6,144846
1,9,1,0,20200509,6,93051
1,15,8,8,20200530,6,111018
1,11,1,0,20200510,7,130021
1,16,8,13,20200405,7,112855
1,16,8,10,20200517,7,132956
1,21,2,0,20200104,6,113653
2,18,8,15,20200111,6,135007
1,17,1,0,20200301,7,125208
2,20,4,18,20200830,7,105925
1,3,8,9,20200606,6,145236
1,10,15,0,20200426,7,154329
1,16,2,0,20200523,6,135708
1,9,3,4,20200613,6,131348
1,15,7,8,20200209,7,112844
1,17,2,0,20200705,7,120400
1,17,1,0,20200719,7,160917
1,19,1,0,20200314,6,140354
1,14,1,0,20200628,7,142759
2,20,3,16,20200425,6,142841
2,18,8,15,20200112,7,114526
1,16,1,0,20200418,6,153132
1,8,1,0,20200126,7,132632
1,1,8,4,20200104,6,94644
1,1,3,11,20200426,7,144357
2,13,7,18,20200314,6,110457
1,21,1,0,20200112,7,153017
2,15,3,18,20200412,7,162231
1,14,4,19,20200620,6,115531
2,19,3,16,20200208,6,121517
1,18,2,0,20200418,6,135709
